,Unnamed: 0,Unnamed: 1,months,m_etc,m_paid,m_free,m_total,zb_paid,zb_adult,zb_foreigner,zb_teen,zb_child,zb_free,zb_total,tp_group,tp_paid,tp_adult,tp_teen,tp_child,tp_foreigner,tp_free,tp_total,temp,date_fri,date_thur,date_wed,date_mon,date_sun,date_sat,date_tue,fall,spring,summer,winter,break_summer,break_winter
0,1월,5,01월01일,3185,151,3,30,280,3668,31175,,40711,9237,49948,24927,2126,2331,57,6123,35507,3388,52,5,0,0,0,0,0,1,0,0,0,0,1,0,1
1,1월,6,01월02일,3521,341,0,92,285,4181,36463,,47815,9459,57274,28705,1147,5808,44,6561,42221,3896,34,5,0,0,0,0,1,0,0,0,0,0,1,0,1
2,1월,7,01월03일,180,34,0,49,141,357,5689,,6263,2593,8856,2109,937,917,1,2038,6001,216,2,5,0,0,0,1,0,0,0,0,0,0,1,0,1
3,1월,8,01월04일,601,64,0,110,291,962,18911,,17762,6284,24046,5225,4200,2375,4,4141,15941,671,6,5,0,0,0,0,0,0,1,0,0,0,1,0,1
4,1월,9,01월05일,5419,6,0,0,1253,6802,50002,,65667,30767,96434,46960,3036,6,32,26080,76082,5549,124,5,0,0,1,0,0,0,0,0,0,0,1,0,1
5,1월,10,01월06일,127,14,0,0,52,196,5247,,5278,1362,6640,1550,1390,646,0,1125,4711,144,3,5,0,1,0,0,0,0,0,0,0,0,1,0,1
6,1월,11,01월07일,692,196,0,160,428,1322,17721,,19537,4921,24458,5498,4644,2027,13,3472,15641,894,6,5,1,0,0,0,0,0,0,0,0,0,1,0,1
7,1월,12,01월08일,1847,159,4,266,442,2480,38843,,37414,7376,44790,18736,1031,8171,18,4855,32793,2038,32,5,0,0,0,0,0,1,0,0,0,0,1,0,1
8,1월,13,01월09일,1967,155,0,0,212,2386,21455,,31391,6728,38119,17024,1075,2960,66,4171,25230,2174,52,5,0,0,0,0,1,0,0,0,0,0,1,0,1
9,1월,14,01월10일,303,7,0,0,136,450,5565,,5882,2236,8118,2650,1207,174,5,1720,5751,314,4,5,0,0,0,1,0,0,0,0,0,0,1,0,1
10,1월,15,01월11일,287,323,0,741,377,1301,8430,,8825,4422,13247,1930,1776,1065,4,3160,7931,924,314,5,0,0,0,0,0,0,1,0,0,0,1,0,1
11,1월,16,01월12일,462,85,8,646,724,1506,12860,,13280,6342,19622,3299,1379,4876,3,3983,13537,782,235,5,0,0,1,0,0,0,0,0,0,0,1,0,1
12,1월,17,01월13일,450,391,0,849,957,1798,12128,,11308,7727,19035,3331,2046,1470,6,4750,11597,841,0,5,0,1,0,0,0,0,0,0,0,0,1,0,1
13,1월,18,01월14일,507,210,0,324,633,1356,15722,,13693,8438,22131,3483,3919,1523,26,5312,14237,723,6,5,1,0,0,0,0,0,0,0,0,0,1,0,1
14,1월,19,01월15일,1830,76,3,68,360,2364,17440,,25240,7527,32767,14332,917,1152,11,5168,21569,2004,98,5,0,0,0,0,0,1,0,0,0,0,1,0,1
15,1월,20,01월16일,2689,208,1,110,397,3324,24801,,36124,8517,44641,19965,1001,3507,18,5194,29667,2927,30,5,0,0,0,0,1,0,0,0,0,0,1,0,1
16,1월,21,01월17일,332,154,16,222,376,862,13554,,12181,2780,14961,3030,2469,3493,0,2109,11101,486,0,5,0,0,0,1,0,0,0,0,0,0,1,0,1
17,1월,22,01월18일,43,55,0,55,123,221,3820,,2703,825,3528,236,1442,331,6,577,2586,98,0,5,0,0,0,0,0,0,1,0,0,0,1,0,1
18,1월,23,01월19일,243,83,0,318,507,833,5905,,6302,3361,9663,1855,1287,606,14,2432,6180,326,0,5,0,0,1,0,0,0,0,0,0,0,1,0,1
19,1월,24,01월20일,369,239,0,959,1694,2307,20371,,17342,8833,26175,3440,5520,2547,150,4777,16284,613,5,5,0,1,0,0,0,0,0,0,0,0,1,0,1
20,1월,25,01월21일,2883,588,0,45,691,4298,44116,,56592,11902,68494,33320,1986,8164,40,8412,51882,3607,136,5,1,0,0,0,0,0,0,0,0,0,1,0,1
21,1월,26,01월22일,1333,244,1,0,478,2088,24463,,34461,8810,43271,18453,997,4690,16,5747,29887,1610,33,5,0,0,0,0,0,1,0,0,0,0,1,0,1
22,1월,27,01월23일,106,6,0,0,69,181,2158,,3259,899,4158,1649,117,284,5,694,2744,112,0,5,0,0,0,0,1,0,0,0,0,0,1,0,1
23,1월,28,01월24일,29,2,0,0,69,102,3751,,2634,949,3583,481,1405,160,0,730,2776,33,2,5,0,0,0,1,0,0,0,0,0,0,1,0,1
24,1월,29,01월25일,132,12,0,0,289,435,4956,,4498,2844,7342,1251,1318,276,38,1946,4791,146,2,5,0,0,0,0,0,0,1,0,0,0,1,0,1
25,1월,30,01월26일,452,175,72,670,1269,1898,9005,,8885,5364,14249,2709,2506,461,0,2852,8528,629,2,5,0,0,1,0,0,0,0,0,0,0,1,0,1
26,1월,31,01월27일,626,286,0,1251,1632,2545,6758,,7329,6467,13796,2776,991,451,16,3401,7619,913,1,5,0,1,0,0,0,0,0,0,0,0,1,0,1
27,1월,32,01월28일,894,215,3,535,1205,2324,7134,,8182,5956,14138,2838,1352,496,34,3417,8103,1119,10,5,1,0,0,0,0,0,0,0,0,0,1,0,1
28,1월,33,01월29일,4786,423,0,1136,1089,6376,16695,,26431,6119,32550,12450,1234,1218,25,3728,18630,5287,78,5,0,0,0,0,0,1,0,0,0,0,1,0,1
29,1월,34,01월30일,4721,649,0,39,1313,6780,19073,,31167,7663,38830,14952,744,2754,25,4464,22914,5467,97,5,0,0,0,0,1,0,0,0,0,0,1,0,1
30,1월,35,01월31일,1063,38,0,0,818,1930,3717,,5513,2789,8302,2191,694,139,10,1713,4737,1112,11,5,0,0,0,1,0,0,0,0,0,0,1,0,1
32,2월,5,02월01일,457,144,0,0,48,657,13052,,18216,2762,20978,9918,415,2719,9,1829,14881,609,8,2,0,0,0,0,1,0,0,0,0,0,1,0,1
33,2월,6,02월02일,13,8,0,0,3,25,1166,,1547,1030,2577,856,143,167,0,988,2154,22,1,2,0,0,0,1,0,0,0,0,0,0,1,0,1
34,2월,7,02월03일,19,3,0,0,8,30,1350,,1796,1327,3123,1015,158,177,1,1301,2651,22,0,2,0,0,0,0,0,0,1,0,0,0,1,0,1
35,2월,8,02월04일,23,1,0,0,11,35,1345,,1891,1195,3086,1072,131,142,0,1151,2496,24,0,2,0,0,1,0,0,0,0,0,0,0,1,0,1
36,2월,9,02월05일,1,3,0,0,1,9,769,,1059,943,2002,552,125,92,0,927,1696,8,4,2,0,1,0,0,0,0,0,0,0,0,1,0,1
37,2월,10,02월06일,16,4,0,0,13,33,1333,,1604,927,2531,899,179,156,0,901,2135,20,0,2,1,0,0,0,0,0,0,0,0,0,1,0,1
38,2월,11,02월07일,42,12,0,0,9,63,3657,,5327,1422,6749,2854,167,636,3,1338,4995,54,0,2,0,0,0,0,0,1,0,0,0,0,1,0,1
39,2월,12,02월08일,283,74,2,0,24,383,10218,,14406,2085,16491,7777,307,2101,8,1490,11675,359,2,2,0,0,0,0,1,0,0,0,0,0,1,0,1
40,2월,13,02월09일,9,2,0,0,6,17,859,,1169,983,2152,729,50,80,0,963,1822,11,0,2,0,0,0,1,0,0,0,0,0,0,1,0,1
41,2월,14,02월10일,1,0,0,0,2,3,681,,856,979,1835,478,32,123,0,968,1601,1,0,2,0,0,0,0,0,0,1,0,0,0,1,0,1
42,2월,15,02월11일,21,5,0,0,5,31,770,,892,993,1885,555,56,106,0,975,1692,26,0,2,0,0,1,0,0,0,0,0,0,0,1,0,1
43,2월,16,02월12일,15,4,0,0,23,42,771,,1018,1033,2051,552,87,97,2,1002,1738,19,0,2,0,1,0,0,0,0,0,0,0,0,1,0,1
44,2월,17,02월13일,0,0,0,0,1,1,17,,22,184,206,14,0,3,0,178,195,0,0,2,1,0,0,0,0,0,0,0,0,0,1,0,1
45,2월,18,02월14일,57,29,0,0,15,104,4756,,6888,1665,8553,3480,318,911,0,1549,6258,89,3,2,0,0,0,0,0,1,0,0,0,0,1,0,1
46,2월,19,02월15일,12,2,0,0,0,14,2427,,3551,1178,4729,1752,165,510,13,1112,3539,14,0,2,0,0,0,0,1,0,0,0,0,0,1,0,1
47,2월,20,02월16일,4,0,0,0,0,4,280,,371,598,969,205,37,38,14,594,874,4,0,2,0,0,0,1,0,0,0,0,0,0,1,0,1
48,2월,21,02월17일,2,2,0,0,0,8,292,,416,590,1006,207,47,38,1,587,879,8,4,2,0,0,0,0,0,0,1,0,0,0,1,0,1
49,2월,22,02월18일,3,0,0,0,3,6,583,,840,966,1806,411,88,84,0,947,1530,3,0,2,0,0,1,0,0,0,0,0,0,0,1,0,1
50,2월,23,02월19일,8,0,0,0,3,11,440,,584,765,1349,310,70,60,0,742,1182,8,0,2,0,1,0,0,0,0,0,0,0,0,1,0,1
51,2월,24,02월20일,7,4,0,0,3,14,281,,395,624,1019,183,41,57,0,606,887,11,0,2,1,0,0,0,0,0,0,0,0,0,1,0,1
52,2월,25,02월21일,16,7,0,0,2,25,2683,,3912,1250,5162,1899,203,581,12,1189,3872,23,0,2,0,0,0,0,0,1,0,0,0,0,1,0,1
53,2월,26,02월22일,53,19,0,0,11,85,3892,,5789,1125,6914,2770,194,928,3,1049,4941,74,2,2,0,0,0,0,1,0,0,0,0,0,1,0,1
54,2월,27,02월23일,50,19,0,0,8,79,2491,,3451,1355,4806,1708,205,578,0,1264,3755,71,2,2,0,0,0,1,0,0,0,0,0,0,1,0,1
55,2월,28,02월24일,26,10,0,0,6,43,1527,,2183,995,3178,1003,161,363,2,955,2482,37,1,2,0,0,0,0,0,0,1,0,0,0,1,0,1
56,2월,29,02월25일,27,13,0,0,10,53,2184,,3197,1124,4321,1441,193,550,2,1070,3254,43,3,2,0,0,1,0,0,0,0,0,0,0,1,0,1
57,2월,30,02월26일,20,10,0,0,7,38,2236,,3343,1438,4781,1375,231,600,0,1311,3517,31,1,2,0,1,0,0,0,0,0,0,0,0,1,0,1
58,2월,31,02월27일,61,37,0,0,12,112,2963,,4139,1258,5397,1879,247,778,0,1176,4080,100,2,2,1,0,0,0,0,0,0,0,0,0,1,0,1
59,2월,32,02월28일,416,128,0,0,32,584,13790,,18983,2990,21973,10019,465,3101,1,2021,15606,552,8,2,0,0,0,0,0,1,0,0,0,0,1,0,1
61,3월,5,03월01일,675,220,0,0,64,963,19602,,27097,3663,30760,14838,510,4149,8,2296,21793,899,4,3,0,0,0,0,1,0,0,0,1,0,0,0,0
62,3월,6,03월02일,28,9,0,0,12,49,1717,,2616,1136,3752,1372,23,322,0,1074,2791,37,0,3,0,0,0,1,0,0,0,0,1,0,0,0,0
63,3월,7,03월03일,2,1,0,0,3,6,140,,188,603,791,124,1,15,0,596,736,3,0,3,0,0,0,0,0,0,1,0,1,0,0,0,0
64,3월,8,03월04일,19,3,0,0,19,41,924,,1341,1240,2581,829,4,91,7,1181,2105,22,0,3,0,0,1,0,0,0,0,0,1,0,0,0,0
65,3월,9,03월05일,2,0,0,0,0,2,190,,267,852,1119,178,0,12,0,840,1030,2,0,3,0,1,0,0,0,0,0,0,1,0,0,0,0
66,3월,10,03월06일,8,1,0,0,2,11,542,,667,842,1509,467,5,28,0,829,1329,9,0,3,1,0,0,0,0,0,0,0,1,0,0,0,0
67,3월,11,03월07일,133,43,0,0,17,195,6424,,9323,2548,11871,5288,173,933,2,2026,8420,178,2,3,0,0,0,0,0,1,0,0,1,0,0,0,0
68,3월,12,03월08일,604,189,0,0,220,1017,17576,,24864,3655,28519,13479,356,3741,10,2039,19615,797,4,3,0,0,0,0,1,0,0,0,1,0,0,0,0
69,3월,13,03월09일,24,1,0,0,20,45,1500,,2156,1347,3503,1364,8,128,0,1250,2750,25,0,3,0,0,0,1,0,0,0,0,1,0,0,0,0
70,3월,14,03월10일,23,7,0,0,14,44,1234,,1770,1473,3243,1133,13,88,2,1346,2580,30,0,3,0,0,0,0,0,0,1,0,1,0,0,0,0
71,3월,15,03월11일,27,3,0,0,16,46,1190,,1698,1452,3150,1102,4,84,0,1351,2541,30,0,3,0,0,1,0,0,0,0,0,1,0,0,0,0
72,3월,16,03월12일,25,4,0,0,18,47,928,,1389,1302,2691,867,1,60,1,1150,2078,29,0,3,0,1,0,0,0,0,0,0,1,0,0,0,0
73,3월,17,03월13일,2,5,0,0,6,13,218,,243,360,603,173,2,13,0,335,523,7,0,3,1,0,0,0,0,0,0,0,1,0,0,0,0
74,3월,18,03월14일,37,13,0,0,13,63,3507,,5247,1669,6916,2585,288,601,5,1566,5040,50,0,3,0,0,0,0,0,1,0,0,1,0,0,0,0
75,3월,19,03월15일,198,64,0,0,22,284,10443,,15827,2226,18053,7742,277,2273,6,1787,12079,262,0,3,0,0,0,0,1,0,0,0,1,0,0,0,0
76,3월,20,03월16일,7,0,0,0,4,11,587,,880,708,1588,567,4,16,1,647,1234,7,0,3,0,0,0,1,0,0,0,0,1,0,0,0,0
77,3월,21,03월17일,34,6,0,0,16,56,1919,,2529,1519,4048,1544,114,108,1,1429,3195,40,0,3,0,0,0,0,0,0,1,0,1,0,0,0,0
78,3월,22,03월18일,9,0,0,0,8,17,985,,1351,1135,2486,876,20,89,0,1084,2069,9,0,3,0,0,1,0,0,0,0,0,1,0,0,0,0
79,3월,23,03월19일,11,1,0,0,12,24,766,,1100,1209,2309,698,11,57,2,1063,1829,12,0,3,0,1,0,0,0,0,0,0,1,0,0,0,0
80,3월,24,03월20일,110,31,0,0,43,184,3177,,4666,1580,6246,2836,61,280,0,1404,4581,141,0,3,1,0,0,0,0,0,0,0,1,0,0,0,0
81,3월,25,03월21일,1500,382,1,0,154,2050,26819,,36341,4682,41023,21447,439,4609,10,3111,29606,1896,14,3,0,0,0,0,0,1,0,0,1,0,0,0,0
82,3월,26,03월22일,297,105,0,55,108,558,10689,,15395,2308,17703,8022,376,2062,5,1671,12131,450,48,3,0,0,0,0,1,0,0,0,1,0,0,0,0
83,3월,27,03월23일,33,7,0,0,23,63,1781,,2434,1643,4077,1643,21,117,10,1493,3274,40,0,3,0,0,0,1,0,0,0,0,1,0,0,0,0
84,3월,28,03월24일,5,4,0,0,4,13,845,,1122,948,2070,747,7,45,2,911,1710,9,0,3,0,0,0,0,0,0,1,0,1,0,0,0,0
85,3월,29,03월25일,18,4,0,0,3,25,894,,1123,1412,2535,737,33,65,0,1303,2138,22,0,3,0,0,1,0,0,0,0,0,1,0,0,0,0
86,3월,30,03월26일,1,0,0,0,3,4,484,,673,947,1620,435,12,37,0,823,1307,1,0,3,0,1,0,0,0,0,0,0,1,0,0,0,0
87,3월,31,03월27일,24,9,0,0,4,37,2357,,2860,1492,4352,1439,218,274,0,1381,3312,33,0,3,1,0,0,0,0,0,0,0,1,0,0,0,0
88,3월,32,03월28일,708,292,0,0,115,1126,23488,,30948,5123,36071,16291,836,5702,16,3103,25932,1011,11,3,0,0,0,0,0,1,0,0,1,0,0,0,0
89,3월,33,03월29일,969,364,0,0,94,1447,28420,,37396,4545,41941,21214,788,6418,31,2642,31062,1353,20,3,0,0,0,0,1,0,0,0,1,0,0,0,0
90,3월,34,03월30일,40,7,0,0,15,62,2000,,2858,1783,4641,1822,20,158,1,1669,3669,47,0,3,0,0,0,1,0,0,0,0,1,0,0,0,0
91,3월,35,03월31일,42,2,0,0,12,56,2289,,3239,1652,4891,1937,23,185,0,1470,3615,44,0,3,0,0,0,0,0,0,1,0,1,0,0,0,0
93,4월,5,04월01일,72,13,0,0,20,105,3131,,3747,1712,5459,1675,290,612,2,1548,4125,85,0,4,0,0,1,0,0,0,0,0,1,0,0,0,0
94,4월,6,04월02일,173,109,0,101,48,330,4944,,5763,2347,8110,2659,927,326,0,2023,5935,282,0,4,0,1,0,0,0,0,0,0,1,0,0,0,0
95,4월,7,04월03일,156,168,0,175,56,380,7998,,8085,2247,10332,2704,1865,861,0,1874,7304,324,0,4,1,0,0,0,0,0,0,0,1,0,0,0,0
96,4월,8,04월04일,1113,243,4,0,104,1473,23064,,29313,4882,34195,15861,2296,2863,15,2690,23710,1369,13,4,0,0,0,0,0,1,0,0,1,0,0,0,0
97,4월,9,04월05일,2436,737,3,0,185,3420,37219,,49391,4298,53689,28093,825,8207,29,3166,40291,3235,62,4,0,0,0,0,1,0,0,0,1,0,0,0,0
98,4월,10,04월06일,214,37,0,0,94,346,8305,,9199,2608,11807,3776,1494,1199,3,2219,8688,252,1,4,0,0,0,1,0,0,0,0,1,0,0,0,0
99,4월,11,04월07일,262,58,0,32,175,495,8838,,10134,3779,13913,4027,858,1788,8,2705,9378,320,0,4,0,0,0,0,0,0,1,0,1,0,0,0,0
100,4월,12,04월08일,663,396,0,109,235,1327,18031,,22819,4781,27600,8267,2250,5455,16,3181,19153,1092,33,4,0,0,1,0,0,0,0,0,1,0,0,0,0
101,4월,13,04월09일,421,119,3,59,176,718,10118,,11779,3688,15467,4930,1620,1114,11,2727,10391,542,2,4,0,1,0,0,0,0,0,0,1,0,0,0,0
102,4월,14,04월10일,529,257,0,191,201,989,11944,,14268,4772,19040,5886,1221,2931,0,3632,13670,788,2,4,1,0,0,0,0,0,0,0,1,0,0,0,0
103,4월,15,04월11일,3886,1296,10,0,342,5578,51194,,63795,7085,70880,35553,2160,11945,21,4707,54365,5236,54,4,0,0,0,0,0,1,0,0,1,0,0,0,0
104,4월,16,04월12일,3648,1134,0,0,349,5181,48074,,63255,4646,67901,36474,1049,10451,25,3848,51822,4832,50,4,0,0,0,0,1,0,0,0,1,0,0,0,0
105,4월,17,04월13일,324,91,0,47,258,675,11876,,13131,4369,17500,5403,1761,1804,1,3550,12518,417,2,4,0,0,0,1,0,0,0,0,1,0,0,0,0
106,4월,18,04월14일,335,140,0,81,341,820,15236,,16456,4132,20588,4859,821,4502,11,3261,13443,479,4,4,0,0,0,0,0,0,1,0,1,0,0,0,0
107,4월,19,04월15일,59,65,0,30,180,304,10910,,9319,2393,11712,2290,1752,2725,10,1956,8723,124,0,4,0,0,1,0,0,0,0,0,1,0,0,0,0
108,4월,20,04월16일,239,372,0,367,138,753,12070,,12815,3506,16321,3547,1464,2833,6,2595,10439,615,4,4,0,1,0,0,0,0,0,0,1,0,0,0,0
109,4월,21,04월17일,431,398,5,288,150,985,19148,,19006,3498,22504,4825,2997,4253,2,2948,15023,835,6,4,1,0,0,0,0,0,0,0,1,0,0,0,0
110,4월,22,04월18일,2373,486,10,0,307,3181,32822,,42378,4277,46655,22882,2842,4356,13,3577,33657,2874,15,4,0,0,0,0,0,1,0,0,1,0,0,0,0
111,4월,23,04월19일,2582,756,9,0,221,3575,36967,,50676,4170,54846,28184,438,8184,26,3488,40294,3354,16,4,0,0,0,0,1,0,0,0,1,0,0,0,0
112,4월,24,04월20일,0,0,0,0,21,21,7751,,6858,626,7484,434,1155,3496,0,566,5651,0,0,4,0,0,0,1,0,0,0,0,1,0,0,0,0
113,4월,25,04월21일,3,0,0,0,21,24,9030,,7975,1062,9037,572,1312,2909,246,852,5645,3,0,4,0,0,0,0,0,0,1,0,1,0,0,0,0
114,4월,26,04월22일,122,537,0,544,97,756,15485,,15806,2573,18379,2100,2140,5811,0,2287,12338,659,0,4,0,0,1,0,0,0,0,0,1,0,0,0,0
115,4월,27,04월23일,292,393,2,379,170,856,17121,,17069,3369,20438,3757,1333,5437,11,2573,13100,686,1,4,0,1,0,0,0,0,0,0,1,0,0,0,0
116,4월,28,04월24일,188,770,0,810,61,1019,13562,,13662,1463,15125,1915,1528,4197,13,1240,8880,958,0,4,1,0,0,0,0,0,0,0,1,0,0,0,0
117,4월,29,04월25일,221,6,0,170,28,256,8177,,7607,1472,9079,2439,62,2977,4,1282,6760,228,1,4,0,0,0,0,0,1,0,0,1,0,0,0,0
118,4월,30,04월26일,606,186,6,0,86,888,14924,,22922,2351,25273,11373,195,3227,6,1989,16784,802,10,4,0,0,0,0,1,0,0,0,1,0,0,0,0
119,4월,31,04월27일,184,150,0,138,96,430,32671,,22744,2171,24915,8887,17,8858,4,1767,19529,334,0,4,0,0,0,1,0,0,0,0,1,0,0,0,0
120,4월,32,04월28일,235,449,0,442,150,834,18674,,20653,2694,23347,3965,463,8876,11,2022,15326,684,0,4,0,0,0,0,0,0,1,0,1,0,0,0,0
121,4월,33,04월29일,191,564,0,561,72,834,14260,,14352,2324,16676,3540,2321,3018,38,1943,10822,762,7,4,0,0,1,0,0,0,0,0,1,0,0,0,0
122,4월,34,04월30일,198,694,0,679,72,964,18170,,18912,2727,21639,3992,1511,6189,4,2164,13856,892,0,4,0,1,0,0,0,0,0,0,1,0,0,0,0
124,5월,5,05월01일,2300,585,2,198,214,3134,34231,,43275,4018,47293,21599,3291,5301,28,3452,33643,2920,35,5,1,0,0,0,0,0,0,0,1,0,0,0,0
125,5월,6,05월02일,286,122,0,0,159,582,35312,,32817,2511,35328,15863,609,8217,16,1963,26652,423,15,5,0,0,0,0,0,1,0,0,1,0,0,0,0
126,5월,7,05월03일,2136,745,0,46,268,3223,39029,,52417,3708,56125,27710,1347,9661,15,3038,41756,2955,74,5,0,0,0,0,1,0,0,0,1,0,0,0,0
127,5월,8,05월04일,2367,822,2,100,274,3610,38795,,47376,3065,50441,22260,4321,8996,15,2520,38097,3336,147,5,0,0,0,1,0,0,0,0,1,0,0,0,0
128,5월,9,05월05일,5599,0,10,0,474,6295,47408,,65926,4317,70243,44255,2826,57,13,3440,50578,5821,222,5,0,0,0,0,0,0,1,0,1,0,0,0,0
129,5월,10,05월06일,165,52,0,0,113,336,8138,,8702,2053,10755,2825,2078,815,11,1760,7478,223,6,5,0,0,1,0,0,0,0,0,1,0,0,0,0
130,5월,11,05월07일,241,243,0,152,93,580,10137,,10449,2469,12918,2672,1580,2102,4,1996,8350,487,3,5,0,1,0,0,0,0,0,0,1,0,0,0,0
131,5월,12,05월08일,148,405,0,368,92,655,11138,,11442,2430,13872,2543,3065,1465,48,2083,9156,563,10,5,1,0,0,0,0,0,0,0,1,0,0,0,0
132,5월,13,05월09일,1078,429,0,288,233,1784,53975,,47835,3473,51308,20423,918,14565,18,2651,38557,1551,44,5,0,0,0,0,0,1,0,0,1,0,0,0,0
133,5월,14,05월10일,1319,381,3,60,139,1871,20497,,30698,2933,33631,14725,826,4096,19,2417,22064,1732,32,5,0,0,0,0,1,0,0,0,1,0,0,0,0
134,5월,15,05월11일,7,1,0,0,23,34,2552,,2054,766,2820,294,777,280,0,611,1962,11,3,5,0,0,0,1,0,0,0,0,1,0,0,0,0
135,5월,16,05월12일,66,341,0,442,171,581,8027,,6459,1385,7844,1025,2229,1236,0,1014,5504,410,3,5,0,0,0,0,0,0,1,0,1,0,0,0,0
136,5월,17,05월13일,302,575,0,527,190,1067,11605,,12266,2651,14917,3166,1701,2519,8,2107,9493,877,0,5,0,0,1,0,0,0,0,0,1,0,0,0,0
137,5월,18,05월14일,432,1178,0,1206,173,1785,18774,,18361,2885,21246,3141,2673,6026,5,2183,14023,1612,2,5,0,1,0,0,0,0,0,0,1,0,0,0,0
138,5월,19,05월15일,412,583,37,776,331,1449,24125,,19012,2319,21331,2641,8851,2083,0,1738,15313,1118,123,5,1,0,0,0,0,0,0,0,1,0,0,0,0
139,5월,20,05월16일,15,1,0,0,28,44,1243,,1580,660,2240,632,247,68,0,601,1548,16,0,5,0,0,0,0,0,1,0,0,1,0,0,0,0
140,5월,21,05월17일,716,137,4,105,195,1069,23501,,23697,2757,26454,8483,558,7689,8,2198,18928,874,21,5,0,0,0,0,1,0,0,0,1,0,0,0,0
141,5월,22,05월18일,360,47,0,60,440,847,5462,,7053,2585,9638,2965,748,444,8,1804,5961,407,0,5,0,0,0,1,0,0,0,0,1,0,0,0,0
142,5월,23,05월19일,484,412,0,330,416,1316,16844,,15529,3047,18576,3335,3804,3316,0,2208,12663,900,4,5,0,0,0,0,0,0,1,0,1,0,0,0,0
143,5월,24,05월20일,481,463,0,758,348,1568,11977,,11551,3188,14739,2478,1542,3191,2,2363,9574,1220,276,5,0,0,1,0,0,0,0,0,1,0,0,0,0
144,5월,25,05월21일,37,65,0,80,23,125,799,,826,990,1816,171,13,125,1,674,983,102,0,5,0,1,0,0,0,0,0,0,1,0,0,0,0
145,5월,26,05월22일,554,636,0,1109,593,2304,21898,,19042,3551,22593,2785,6603,2909,2,2495,14792,1711,521,5,1,0,0,0,0,0,0,0,1,0,0,0,0
146,5월,27,05월23일,4600,1012,0,400,1638,7390,15678,,28376,4180,32556,9269,544,4412,8,2205,16430,5752,140,5,0,0,0,0,0,1,0,0,1,0,0,0,0
147,5월,28,05월24일,9580,1994,15,91,1812,13658,26447,,47770,5033,52803,19318,822,5697,9,2839,28676,11846,272,5,0,0,0,0,1,0,0,0,1,0,0,0,0
148,5월,29,05월25일,2130,245,7,285,1190,3575,7622,,10003,3265,13268,3002,1653,729,0,1842,7226,2385,10,5,0,0,0,1,0,0,0,0,1,0,0,0,0
149,5월,30,05월26일,1851,495,13,525,1334,3693,6149,,8510,3788,12298,2245,1270,680,0,2115,6310,2359,13,5,0,0,0,0,0,0,1,0,1,0,0,0,0
150,5월,31,05월27일,1609,508,0,350,1120,3247,7073,,8300,3259,11559,1851,2298,399,0,1900,6448,2127,10,5,0,0,1,0,0,0,0,0,1,0,0,0,0
151,5월,32,05월28일,1788,706,2,567,1114,3615,5351,,8172,3607,11779,1996,329,1306,1,1989,5620,2501,7,5,0,1,0,0,0,0,0,0,1,0,0,0,0
152,5월,33,05월29일,1380,746,20,584,885,3013,7001,,9341,2550,11891,1828,967,1792,0,1516,6103,2128,2,5,1,0,0,0,0,0,0,0,1,0,0,0,0
153,5월,34,05월30일,5380,770,8,100,1519,7818,17341,,29681,4452,34133,12737,489,2344,56,2479,18049,6299,149,5,0,0,0,0,0,1,0,0,1,0,0,0,0
154,5월,35,05월31일,8338,1758,1,122,1653,11961,22994,,43115,4711,47826,16951,647,5033,25,2650,25281,10308,212,5,0,0,0,0,1,0,0,0,1,0,0,0,0
156,6월,5,06월01일,1777,127,0,0,1140,3054,3902,,6510,2873,9383,1994,29,1052,0,1500,4575,1914,10,6,0,0,0,1,0,0,0,0,0,1,0,0,0
157,6월,6,06월02일,1054,166,0,124,911,2136,1836,,3874,2649,6523,1081,44,402,0,1583,3110,1225,5,6,0,0,0,0,0,0,1,0,0,1,0,0,0
158,6월,7,06월03일,625,246,0,337,495,1367,2752,,4117,1516,5633,465,954,167,6,935,2521,872,1,6,0,0,1,0,0,0,0,0,0,1,0,0,0
159,6월,8,06월04일,1714,702,0,763,1149,3779,9104,,11088,2948,14036,1846,2730,1101,0,1650,7327,2630,214,6,0,1,0,0,0,0,0,0,0,1,0,0,0
160,6월,9,06월05일,1721,1192,0,824,816,3759,13022,,15064,2722,17786,2767,3395,1949,54,1697,9808,2943,30,6,1,0,0,0,0,0,0,0,0,1,0,0,0
161,6월,10,06월06일,8694,2156,15,45,1468,12529,30789,,52835,4896,57731,21806,1074,7369,17,2951,33200,11061,211,6,0,0,0,0,0,1,0,0,0,1,0,0,0
162,6월,11,06월07일,3692,673,27,0,833,5291,10497,,20774,3019,23793,7955,324,2172,0,1913,12364,4458,93,6,0,0,0,0,1,0,0,0,0,1,0,0,0
163,6월,12,06월08일,1589,241,0,143,878,2713,2929,,6206,2542,8748,2175,46,513,0,1520,4254,1835,5,6,0,0,0,1,0,0,0,0,0,1,0,0,0
164,6월,13,06월09일,460,123,0,97,447,1033,827,,1805,1321,3126,579,5,145,8,806,1535,586,3,6,0,0,0,0,0,0,1,0,0,1,0,0,0
165,6월,14,06월10일,525,95,0,108,440,1061,1392,,2394,1635,4029,719,89,294,0,1097,2199,621,1,6,0,0,1,0,0,0,0,0,0,1,0,0,0
166,6월,15,06월11일,1248,750,0,459,821,2833,6682,,8993,2905,11898,1943,646,1850,7,1830,6269,2012,14,6,0,1,0,0,0,0,0,0,0,1,0,0,0
167,6월,16,06월12일,1104,1392,0,970,799,3300,8178,,10701,2802,13503,2086,1081,2128,42,1776,7071,2501,5,6,1,0,0,0,0,0,0,0,0,1,0,0,0
168,6월,17,06월13일,5078,1277,2,283,1312,7824,24311,,36888,5079,41967,14386,874,5430,3,3293,23983,6512,157,6,0,0,0,0,0,1,0,0,0,1,0,0,0
169,6월,18,06월14일,4522,990,3,64,954,6546,15688,,29066,3697,32763,11677,429,3466,23,2395,17967,5592,80,6,0,0,0,0,1,0,0,0,0,1,0,0,0
170,6월,19,06월15일,1274,320,0,262,796,2396,2534,,5395,2435,7830,2046,38,318,0,1505,3907,1600,6,6,0,0,0,1,0,0,0,0,0,1,0,0,0
171,6월,20,06월16일,880,479,0,428,640,2040,2756,,5230,2349,7579,1771,106,493,0,1562,3932,1400,41,6,0,0,0,0,0,0,1,0,0,1,0,0,0
172,6월,21,06월17일,724,550,6,470,737,2016,3950,,5967,2419,8386,1640,16,1147,0,1574,4377,1279,5,6,0,0,1,0,0,0,0,0,0,1,0,0,0
173,6월,22,06월18일,829,689,0,577,543,2061,3855,,6827,2413,9240,1834,19,1097,0,1664,4614,1518,0,6,0,1,0,0,0,0,0,0,0,1,0,0,0
174,6월,23,06월19일,804,983,4,1139,811,2960,6413,,8718,2295,11013,1682,912,1639,111,1344,5577,2149,362,6,1,0,0,0,0,0,0,0,0,1,0,0,0
175,6월,24,06월20일,583,75,0,409,132,803,1160,,1859,641,2500,601,168,52,9,495,1316,671,13,6,0,0,0,0,0,1,0,0,0,1,0,0,0
176,6월,25,06월21일,3551,610,0,104,737,4951,13537,,24500,3209,27709,10670,155,2594,18,2249,15668,4214,53,6,0,0,0,0,1,0,0,0,0,1,0,0,0
177,6월,26,06월22일,801,96,5,45,507,1407,2230,,4252,1931,6183,1859,16,266,0,1279,3420,900,3,6,0,0,0,1,0,0,0,0,0,1,0,0,0
178,6월,27,06월23일,834,318,0,250,436,1596,3134,,5422,2284,7706,1950,33,552,3,1743,4278,1160,8,6,0,0,0,0,0,0,1,0,0,1,0,0,0
179,6월,28,06월24일,691,420,0,215,316,1430,2421,,4553,1890,6443,1520,28,542,8,1430,3520,1114,3,6,0,0,1,0,0,0,0,0,0,1,0,0,0
180,6월,29,06월25일,632,399,0,330,530,1564,2923,,5122,2286,7408,1536,20,781,5,1537,3874,1034,3,6,0,1,0,0,0,0,0,0,0,1,0,0,0
181,6월,30,06월26일,637,411,6,354,358,1409,4199,,6551,1902,8453,1614,14,1672,13,1459,4759,1051,3,6,1,0,0,0,0,0,0,0,0,1,0,0,0
182,6월,31,06월27일,2375,487,0,49,433,3315,11377,,20546,2909,23455,8380,157,2428,10,2211,13176,2882,20,6,0,0,0,0,0,1,0,0,0,1,0,0,0
183,6월,32,06월28일,1766,366,1,0,354,2509,11013,,17739,2482,20221,7362,94,2656,3,1938,12050,2155,23,6,0,0,0,0,1,0,0,0,0,1,0,0,0
184,6월,33,06월29일,258,28,2,0,102,389,816,,1554,685,2239,700,5,111,0,551,1367,287,1,6,0,0,0,1,0,0,0,0,0,1,0,0,0
185,6월,34,06월30일,220,98,0,86,214,539,1250,,2370,1557,3927,973,18,188,3,1250,2429,325,7,6,0,0,0,0,0,0,1,0,0,1,0,0,0
187,7월,5,07월01일,181,34,0,0,127,344,1873,,2669,1540,4209,1318,27,328,0,1338,3011,217,2,7,0,0,1,0,0,0,0,0,0,1,0,1,0
188,7월,6,07월02일,42,2,0,0,133,177,453,,644,1047,1691,343,3,50,2,861,1257,44,0,7,0,1,0,0,0,0,0,0,0,1,0,1,0
189,7월,7,07월03일,368,79,2,180,160,614,1929,,3118,1526,4644,1276,49,359,0,1292,2976,454,7,7,1,0,0,0,0,0,0,0,0,1,0,1,0
190,7월,8,07월04일,834,148,0,127,216,1214,9253,,13908,2446,16354,6457,841,1271,11,2069,10638,998,16,7,0,0,0,0,0,1,0,0,0,1,0,1,0
191,7월,9,07월05일,1097,292,0,0,184,1598,12763,,20700,2460,23160,9953,267,2473,4,2047,14740,1414,25,7,0,0,0,0,1,0,0,0,0,1,0,1,0
192,7월,10,07월06일,151,20,2,0,148,328,1672,,2830,1338,4168,1461,36,175,0,1124,2796,180,9,7,0,0,0,1,0,0,0,0,0,1,0,1,0
193,7월,11,07월07일,53,5,0,0,104,162,943,,1313,913,2226,769,29,78,0,780,1656,58,0,7,0,0,0,0,0,0,1,0,0,1,0,1,0
194,7월,12,07월08일,89,9,0,0,89,189,1538,,2302,1514,3816,1185,42,229,3,1394,2850,100,2,7,0,0,1,0,0,0,0,0,0,1,0,1,0
195,7월,13,07월09일,0,0,0,0,0,0,13,,29,124,153,12,0,1,0,91,104,0,0,7,0,1,0,0,0,0,0,0,0,1,0,1,0
196,7월,14,07월10일,125,61,0,38,97,292,1693,,2868,1208,4076,1255,61,300,0,1072,2688,195,9,7,1,0,0,0,0,0,0,0,0,1,0,1,0
197,7월,15,07월11일,661,236,0,32,149,1077,11390,,18363,2384,20747,8155,445,2453,18,2029,13082,928,31,7,0,0,0,0,0,1,0,0,0,1,0,1,0
198,7월,16,07월12일,11,0,0,0,5,16,238,,390,208,598,191,13,34,8,197,435,11,0,7,0,0,0,0,1,0,0,0,0,1,0,1,0
199,7월,17,07월13일,61,10,0,0,63,134,1063,,1657,1179,2836,888,17,138,0,1043,2086,71,0,7,0,0,0,1,0,0,0,0,0,1,0,1,0
200,7월,18,07월14일,0,0,0,0,14,14,16,,56,213,269,16,0,0,3,194,210,0,0,7,0,0,0,0,0,0,1,0,0,1,0,1,0
201,7월,19,07월15일,65,3,0,0,56,126,1354,,2118,1184,3302,1088,75,151,0,1071,2385,70,2,7,0,0,1,0,0,0,0,0,0,1,0,1,0
202,7월,20,07월16일,70,35,0,0,70,180,2079,,3245,1702,4947,1489,78,352,2,1503,3422,110,5,7,0,1,0,0,0,0,0,0,0,1,0,1,0
203,7월,21,07월17일,7,0,0,0,30,37,493,,740,640,1380,302,44,82,2,592,1020,7,0,7,1,0,0,0,0,0,0,0,0,1,0,1,0
204,7월,22,07월18일,42,11,0,0,25,83,1049,,1794,862,2656,755,108,156,3,805,1824,58,5,7,0,0,0,0,0,1,0,0,0,1,0,1,0
205,7월,23,07월19일,653,168,0,0,112,945,11088,,17247,2133,19380,8573,313,2151,10,1864,12901,833,12,7,0,0,0,0,1,0,0,0,0,1,0,1,0
206,7월,24,07월20일,102,26,0,0,74,205,2142,,3576,1278,4854,1558,84,409,4,1119,3170,131,3,7,0,0,0,1,0,0,0,0,0,1,0,1,0
207,7월,25,07월21일,52,11,0,0,77,144,2080,,3322,1166,4488,1438,173,430,7,1039,3080,67,4,7,0,0,0,0,0,0,1,0,0,1,0,1,0
208,7월,26,07월22일,75,14,0,0,38,137,2281,,4060,1333,5393,1562,192,424,4,1238,3416,99,10,7,0,0,1,0,0,0,0,0,0,1,0,1,0
209,7월,27,07월23일,86,15,0,0,20,127,2357,,3749,1484,5233,1582,119,544,4,1339,3584,107,6,7,0,1,0,0,0,0,0,0,0,1,0,1,0
210,7월,28,07월24일,87,18,0,0,59,168,2376,,4615,1216,5831,1541,150,516,0,1083,3290,109,4,7,1,0,0,0,0,0,0,0,0,1,0,1,0
211,7월,29,07월25일,598,206,0,0,162,977,11183,,17555,2467,20022,7825,389,2529,18,2067,12810,815,11,7,0,0,0,0,0,1,0,0,0,1,0,1,0
212,7월,30,07월26일,674,187,5,0,142,1021,14010,,21810,2466,24276,10498,473,2946,7,2076,15993,879,18,7,0,0,0,0,1,0,0,0,0,1,0,1,0
213,7월,31,07월27일,207,55,0,0,93,364,4312,,7524,1431,8955,2928,188,1133,2,1219,5468,271,9,7,0,0,0,1,0,0,0,0,0,1,0,1,0
214,7월,32,07월28일,181,96,1,32,105,392,4394,,7025,1505,8530,2834,171,1183,0,1264,5452,287,10,7,0,0,0,0,0,0,1,0,0,1,0,1,0
215,7월,33,07월29일,187,91,0,0,72,356,5370,,9075,1657,10732,3420,229,1514,7,1392,6555,284,6,7,0,0,1,0,0,0,0,0,0,1,0,1,0
216,7월,34,07월30일,209,94,0,0,72,395,6343,,10667,1668,12335,4095,332,1805,4,1358,7590,323,20,7,0,1,0,0,0,0,0,0,0,1,0,1,0
217,7월,35,07월31일,268,109,0,0,97,490,5982,,10611,1525,12136,3973,286,1637,8,1243,7139,393,16,7,1,0,0,0,0,0,0,0,0,1,0,1,0
219,8월,5,08월01일,495,143,0,0,105,762,12467,,20857,2362,23219,9003,469,2995,0,2008,14475,657,19,8,0,0,0,0,0,1,0,0,0,1,0,1,0
220,8월,6,08월02일,506,134,0,0,104,758,14431,,22696,2281,24977,10616,539,2896,76,1916,15967,654,14,8,0,0,0,0,1,0,0,0,0,1,0,1,0
221,8월,7,08월03일,696,214,0,0,122,1057,10913,,17742,1632,19374,7503,435,2940,4,1349,12227,935,25,8,0,0,0,1,0,0,0,0,0,1,0,1,0
222,8월,8,08월04일,258,94,0,0,98,464,8099,,13244,1633,14877,5484,415,2116,5,1357,9372,366,14,8,0,0,0,0,0,0,1,0,0,1,0,1,0
223,8월,9,08월05일,242,90,0,0,80,420,5893,,10117,1603,11720,3974,287,1543,23,1405,7209,340,8,8,0,0,1,0,0,0,0,0,0,1,0,1,0
224,8월,10,08월06일,297,106,0,0,97,515,5886,,10009,1630,11639,3939,331,1504,5,1301,7075,418,15,8,0,1,0,0,0,0,0,0,0,1,0,1,0
225,8월,11,08월07일,91,30,0,0,23,152,3154,,5187,833,6020,2190,120,844,1,742,3896,129,8,8,1,0,0,0,0,0,0,0,0,1,0,1,0
226,8월,12,08월08일,421,155,0,0,113,707,8867,,14576,2440,17016,6290,295,2149,9,1676,10410,594,18,8,0,0,0,0,0,1,0,0,0,1,0,1,0
227,8월,13,08월09일,225,81,0,0,61,380,9595,,15353,2395,17748,6756,390,1922,27,1758,10826,319,13,8,0,0,0,0,1,0,0,0,0,1,0,1,0
228,8월,14,08월10일,57,29,0,0,64,158,2638,,4572,1013,5585,1823,177,607,7,899,3506,94,8,8,0,0,0,1,0,0,0,0,0,1,0,1,0
229,8월,15,08월11일,3,2,0,0,52,60,317,,779,498,1277,240,30,47,0,433,750,8,3,8,0,0,0,0,0,0,1,0,0,1,0,1,0
230,8월,16,08월12일,1,0,0,0,3,4,272,,413,230,643,235,9,28,0,224,496,1,0,8,0,0,1,0,0,0,0,0,0,1,0,1,0
231,8월,17,08월13일,79,12,0,0,60,162,3860,,6347,1559,7906,2503,347,875,8,1365,5090,102,11,8,0,1,0,0,0,0,0,0,0,1,0,1,0
232,8월,18,08월14일,103,46,0,0,51,221,3712,,6248,1126,7374,2362,297,955,2,984,4598,170,21,8,1,0,0,0,0,0,0,0,0,1,0,1,0
233,8월,19,08월15일,291,79,0,0,75,457,14688,,21605,2460,24065,9791,472,2724,16,1715,14702,382,12,8,0,0,0,0,0,1,0,0,0,1,0,1,0
234,8월,20,08월16일,134,27,1,0,89,255,6694,,11536,1764,13300,4860,396,1438,11,1420,8114,166,5,8,0,0,0,0,1,0,0,0,0,1,0,1,0
235,8월,21,08월17일,94,34,0,0,45,177,2580,,4484,1118,5602,1712,224,612,1,991,3539,132,4,8,0,0,0,1,0,0,0,0,0,1,0,1,0
236,8월,22,08월18일,51,19,0,0,83,159,2590,,4198,1088,5286,1643,205,630,0,951,3429,76,6,8,0,0,0,0,0,0,1,0,0,1,0,1,0
237,8월,23,08월19일,85,21,0,0,35,149,2544,,4280,1269,5549,1492,184,650,1,1171,3497,114,8,8,0,0,1,0,0,0,0,0,0,1,0,1,0
238,8월,24,08월20일,11,1,0,0,37,49,1437,,2156,1177,3333,742,57,350,13,973,2122,12,0,8,0,1,0,0,0,0,0,0,0,1,0,1,0
239,8월,25,08월21일,103,131,0,0,38,280,3112,,5566,1208,6774,2101,143,761,37,1087,4092,242,8,8,1,0,0,0,0,0,0,0,0,1,0,1,0
240,8월,26,08월22일,318,141,0,52,77,566,9945,,16172,2487,18659,6937,422,2377,10,1906,11642,489,30,8,0,0,0,0,0,1,0,0,0,1,0,1,0
241,8월,27,08월23일,529,133,0,0,82,767,9967,,16218,1951,18169,7570,331,2036,3,1532,11469,685,23,8,0,0,0,0,1,0,0,0,0,1,0,1,0
242,8월,28,08월24일,109,29,0,0,73,211,2327,,3731,1107,4838,1689,59,470,2,960,3178,138,0,8,0,0,0,1,0,0,0,0,0,1,0,1,0
243,8월,29,08월25일,67,27,0,0,51,147,2656,,4088,1158,5246,1711,45,687,5,1050,3493,96,2,8,0,0,0,0,0,0,1,0,0,1,0,1,0
244,8월,30,08월26일,49,11,0,0,26,87,1548,,2117,1139,3256,924,21,378,1,1072,2395,61,1,8,0,0,1,0,0,0,0,0,0,1,0,1,0
245,8월,31,08월27일,24,0,0,0,34,58,743,,1111,691,1802,611,12,120,0,639,1382,24,0,8,0,1,0,0,0,0,0,0,0,1,0,1,0
246,8월,32,08월28일,116,17,0,0,62,197,2394,,3624,1123,4747,1704,70,447,9,1020,3241,135,2,8,1,0,0,0,0,0,0,0,0,1,0,1,0
247,8월,33,08월29일,476,112,0,0,121,714,9280,,14611,2235,16846,7220,316,1714,10,1807,11057,593,5,8,0,0,0,0,0,1,0,0,0,1,0,1,0
248,8월,34,08월30일,342,94,0,0,77,520,6205,,9763,1573,11336,4840,133,1186,3,1212,7371,443,7,8,0,0,0,0,1,0,0,0,0,1,0,1,0
249,8월,35,08월31일,108,19,4,0,93,221,2187,,3285,1233,4518,1924,13,250,0,1092,3279,128,1,8,0,0,0,1,0,0,0,0,0,1,0,1,0
251,9월,5,09월01일,76,16,0,0,61,156,1648,,2469,1285,3754,1364,25,188,0,1166,2743,95,3,9,0,0,0,0,0,0,1,1,0,0,0,0,0
252,9월,6,09월02일,113,13,0,0,75,201,1661,,2539,1580,4119,1289,14,234,5,1424,2961,126,0,9,0,0,1,0,0,0,0,1,0,0,0,0,0
253,9월,7,09월03일,142,39,0,0,66,250,5321,,4311,1420,5731,1210,1983,153,0,1285,4631,184,3,9,0,1,0,0,0,0,0,1,0,0,0,0,0
254,9월,8,09월04일,87,16,0,0,62,168,1543,,2587,1260,3847,1303,26,156,0,1146,2631,106,3,9,1,0,0,0,0,0,0,1,0,0,0,0,0
255,9월,9,09월05일,496,138,0,0,102,759,9422,,14684,2180,16864,7367,396,1470,9,1923,11156,657,23,9,0,0,0,0,0,1,0,1,0,0,0,0,0
256,9월,10,09월06일,700,202,4,0,99,1011,12346,,19873,2836,22709,9451,294,2601,15,1834,14180,912,10,9,0,0,0,0,1,0,0,1,0,0,0,0,0
257,9월,11,09월07일,23,11,1,0,66,101,788,,1225,970,2195,683,15,90,5,866,1654,35,1,9,0,0,0,1,0,0,0,1,0,0,0,0,0
258,9월,12,09월08일,133,20,3,0,93,246,1546,,2336,1406,3742,1335,25,164,3,1255,2779,153,0,9,0,0,0,0,0,0,1,1,0,0,0,0,0
259,9월,13,09월09일,110,22,1,22,104,236,1971,,2436,1386,3822,1199,345,104,0,1232,2880,132,0,9,0,0,1,0,0,0,0,1,0,0,0,0,0
260,9월,14,09월10일,97,14,0,0,84,195,1662,,2416,1520,3936,1376,10,158,0,1348,2892,111,0,9,0,1,0,0,0,0,0,1,0,0,0,0,0
261,9월,15,09월11일,91,51,0,50,87,229,1548,,2499,1338,3837,1317,23,165,2,1189,2694,142,0,9,1,0,0,0,0,0,0,1,0,0,0,0,0
262,9월,16,09월12일,391,113,0,0,77,583,8300,,13100,1657,14757,6309,227,1731,9,1432,9699,506,2,9,0,0,0,0,0,1,0,1,0,0,0,0,0
263,9월,17,09월13일,1009,285,0,0,135,1435,16300,,24793,2984,27777,12484,353,3380,25,1938,18155,1300,6,9,0,0,0,0,1,0,0,1,0,0,0,0,0
264,9월,18,09월14일,110,17,0,0,134,263,1353,,2299,1349,3648,1183,13,157,0,1153,2506,129,2,9,0,0,0,1,0,0,0,1,0,0,0,0,0
265,9월,19,09월15일,125,11,0,0,91,227,1685,,2599,1441,4040,1416,41,149,5,1242,2848,136,0,9,0,0,0,0,0,0,1,1,0,0,0,0,0
266,9월,20,09월16일,76,2,0,153,102,333,3134,,3544,1585,5129,1360,598,376,0,1403,3737,231,153,9,0,0,1,0,0,0,0,1,0,0,0,0,0
267,9월,21,09월17일,100,11,0,64,137,248,1649,,2376,1591,3967,1416,27,161,0,1368,2972,111,0,9,0,1,0,0,0,0,0,1,0,0,0,0,0
268,9월,22,09월18일,122,26,0,0,93,241,1709,,2655,1259,3914,1498,20,191,0,1081,2790,148,0,9,1,0,0,0,0,0,0,1,0,0,0,0,0
269,9월,23,09월19일,757,151,0,0,155,1089,51527,,38165,2860,41025,9306,550,21658,10,2146,33660,934,26,9,0,0,0,0,0,1,0,1,0,0,0,0,0
270,9월,24,09월20일,1157,345,1,0,182,1700,16533,,25287,3038,28325,12630,253,3476,21,1951,18310,1518,16,9,0,0,0,0,1,0,0,1,0,0,0,0,0
271,9월,25,09월21일,6,0,0,0,11,17,351,,423,412,835,138,1,97,0,390,626,6,0,9,0,0,0,1,0,0,0,1,0,0,0,0,0
272,9월,26,09월22일,137,9,2,0,142,288,1638,,2446,1509,3955,1388,14,126,0,1239,2767,146,0,9,0,0,0,0,0,0,1,1,0,0,0,0,0
273,9월,27,09월23일,119,18,0,0,83,220,1880,,2587,1488,4075,1520,59,137,7,1359,3075,137,0,9,0,0,1,0,0,0,0,1,0,0,0,0,0
274,9월,28,09월24일,107,19,0,0,111,241,1789,,2718,1393,4111,1524,21,180,0,1233,2958,130,4,9,0,1,0,0,0,0,0,1,0,0,0,0,0
275,9월,29,09월25일,188,34,0,0,96,318,5555,,4937,1271,6208,3338,22,269,0,1094,4723,222,0,9,1,0,0,0,0,0,0,1,0,0,0,0,0
276,9월,30,09월26일,998,321,1,0,176,1511,15044,,23208,3591,26799,11027,227,3601,2,2280,17135,1335,16,9,0,0,0,0,0,1,0,1,0,0,0,0,0
277,9월,31,09월27일,350,82,0,0,81,519,5156,,7905,1324,9229,3915,102,1138,19,1166,6321,438,6,9,0,0,0,0,1,0,0,1,0,0,0,0,0
278,9월,32,09월28일,98,14,0,0,94,206,1074,,1684,967,2651,965,10,99,0,854,1928,112,0,9,0,0,0,1,0,0,0,1,0,0,0,0,0
279,9월,33,09월29일,88,17,0,0,119,224,1276,,2021,1151,3172,1117,26,133,0,1011,2287,105,0,9,0,0,0,0,0,0,1,1,0,0,0,0,0
280,9월,34,09월30일,148,16,0,0,47,224,1591,,2488,1030,3518,1163,95,232,0,965,2455,177,13,9,0,0,1,0,0,0,0,1,0,0,0,0,0
282,10월,5,10월01일,708,175,0,0,95,1007,5969,,7759,1162,8921,2989,1218,748,7,1014,5969,912,29,10,0,1,0,0,0,0,0,1,0,0,0,0,0
283,10월,6,10월02일,1961,496,0,0,114,2612,11810,,20095,2144,22239,8850,343,2617,57,1424,13234,2498,41,10,1,0,0,0,0,0,0,1,0,0,0,0,0
284,10월,7,10월03일,2841,612,0,0,237,3809,17432,,27792,3610,31402,13183,708,3511,166,2084,19486,3572,119,10,0,0,0,0,0,1,0,1,0,0,0,0,0
285,10월,8,10월04일,3623,832,0,0,310,4844,17611,,29214,3704,32918,13484,535,3592,43,2262,19873,4534,79,10,0,0,0,0,1,0,0,1,0,0,0,0,0
286,10월,9,10월05일,2666,877,5,0,255,3863,13063,,22613,2891,25504,9070,561,3402,6,1658,14691,3608,65,10,0,0,0,1,0,0,0,1,0,0,0,0,0
287,10월,10,10월06일,630,102,2,0,273,1005,2626,,4238,1899,6137,2015,159,253,2,1521,3948,732,0,10,0,0,0,0,0,0,1,1,0,0,0,0,0
288,10월,11,10월07일,557,54,2,0,312,923,4509,,4785,1781,6566,1499,1351,200,0,1385,4435,611,0,10,0,0,1,0,0,0,0,1,0,0,0,0,0
289,10월,12,10월08일,440,50,0,0,316,812,2273,,3388,1836,5224,1436,33,429,14,1364,3262,496,6,10,0,1,0,0,0,0,0,1,0,0,0,0,0
290,10월,13,10월09일,677,98,0,0,279,1063,7747,,7488,1963,9451,1949,2533,353,13,1605,6440,784,9,10,1,0,0,0,0,0,0,1,0,0,0,0,0
291,10월,14,10월10일,4338,1388,0,39,685,6472,19853,,32979,4518,37497,14029,573,4737,10,2461,21800,5787,61,10,0,0,0,0,0,1,0,1,0,0,0,0,0
292,10월,15,10월11일,6222,1707,0,64,609,8614,22807,,38802,4538,43340,16981,448,5227,15,2424,25080,8005,76,10,0,0,0,0,1,0,0,1,0,0,0,0,0
293,10월,16,10월12일,759,57,0,0,518,1341,4531,,5049,2098,7147,1791,1259,234,19,1443,4727,823,7,10,0,0,0,1,0,0,0,1,0,0,0,0,0
294,10월,17,10월13일,550,55,0,34,530,1136,3408,,3741,2059,5800,1961,76,269,3,1369,3675,606,1,10,0,0,0,0,0,0,1,1,0,0,0,0,0
295,10월,18,10월14일,617,60,0,0,429,1106,1962,,3422,1922,5344,1619,26,181,0,1409,3235,677,0,10,0,0,1,0,0,0,0,1,0,0,0,0,0
296,10월,19,10월15일,925,123,0,815,557,2427,6519,,8433,2405,10838,2254,1850,377,24,1666,6147,1870,822,10,0,1,0,0,0,0,0,1,0,0,0,0,0
297,10월,20,10월16일,626,158,0,71,435,1228,8538,,7454,1797,9251,1684,3001,521,0,1247,6453,793,9,10,1,0,0,0,0,0,0,1,0,0,0,0,0
298,10월,21,10월17일,2293,361,2,83,447,3128,9848,,15066,2265,17331,6358,1142,1322,23,1662,10484,2681,27,10,0,0,0,0,0,1,0,1,0,0,0,0,0
299,10월,22,10월18일,5651,1293,0,83,589,7616,21783,,36513,4326,40839,16403,512,4710,31,2298,23923,7027,83,10,0,0,0,0,1,0,0,1,0,0,0,0,0
300,10월,23,10월19일,288,24,1,0,267,581,1783,,1922,1277,3199,729,449,88,8,877,2143,314,2,10,0,0,0,1,0,0,0,1,0,0,0,0,0
301,10월,24,10월20일,1028,98,0,442,517,1643,4185,,5233,2082,7315,2085,616,213,6,1490,4404,1126,0,10,0,0,0,0,0,0,1,1,0,0,0,0,0
302,10월,25,10월21일,699,55,0,0,395,1159,8390,,7693,2088,9781,2007,2342,903,0,1529,6781,764,10,10,0,0,1,0,0,0,0,1,0,0,0,0,0
303,10월,26,10월22일,781,83,10,70,452,1358,5953,,6317,2599,8916,2129,1426,498,3,1793,5846,906,42,10,0,1,0,0,0,0,0,1,0,0,0,0,0
304,10월,27,10월23일,1089,206,0,165,449,1750,13246,,12228,2147,14375,2720,4781,693,6,1540,9734,1301,6,10,1,0,0,0,0,0,0,1,0,0,0,0,0
305,10월,28,10월24일,5345,1507,1,78,795,7775,30427,,40939,5358,46297,19427,862,5517,7,3084,28890,6980,128,10,0,0,0,0,0,1,0,1,0,0,0,0,0
306,10월,29,10월25일,6796,1773,0,0,831,9528,26765,,43116,5198,48314,19344,719,6334,25,2867,29264,8697,128,10,0,0,0,0,1,0,0,1,0,0,0,0,0
307,10월,30,10월26일,1230,114,0,0,813,2162,7900,,8318,2895,11213,3111,2080,455,6,1916,7562,1349,5,10,0,0,0,1,0,0,0,1,0,0,0,0,0
308,10월,31,10월27일,1315,148,0,0,738,2204,4621,,7117,2815,9932,3151,407,437,0,1873,5868,1466,3,10,0,0,0,0,0,0,1,1,0,0,0,0,0
309,10월,32,10월28일,1048,223,4,133,827,2101,3987,,5796,3054,8850,2797,312,333,6,2030,5472,1274,3,10,0,0,1,0,0,0,0,1,0,0,0,0,0
310,10월,33,10월29일,1117,109,0,57,772,2005,4841,,6061,2747,8808,2531,946,322,0,1759,5558,1233,7,10,0,1,0,0,0,0,0,1,0,0,0,0,0
311,10월,34,10월30일,1244,195,0,88,757,2202,4309,,6757,2687,9444,3306,190,452,9,1765,5713,1445,6,10,1,0,0,0,0,0,0,1,0,0,0,0,0
312,10월,35,10월31일,581,55,0,30,288,929,2699,,4027,1827,5854,2031,172,253,1,1488,3944,641,5,10,0,0,0,0,0,1,0,1,0,0,0,0,0
314,11월,5,11월01일,2158,448,0,0,403,3056,8959,,14265,2213,16478,6824,336,1549,6,1642,10351,2653,47,11,0,0,0,0,1,0,0,1,0,0,0,0,0
315,11월,6,11월02일,216,19,0,0,182,417,932,,1413,1138,2551,807,20,75,3,922,1824,235,0,11,0,0,0,1,0,0,0,1,0,0,0,0,0
316,11월,7,11월03일,98,2,0,0,130,230,787,,928,992,1920,487,109,35,5,826,1457,100,0,11,0,0,0,0,0,0,1,1,0,0,0,0,0
317,11월,8,11월04일,188,18,0,0,136,342,980,,1367,1496,2863,820,20,68,2,1333,2241,206,0,11,0,0,1,0,0,0,0,1,0,0,0,0,0
318,11월,9,11월05일,395,66,0,0,159,622,2237,,3108,1695,4803,1798,21,252,3,1477,3548,463,2,11,0,1,0,0,0,0,0,1,0,0,0,0,0
319,11월,10,11월06일,558,175,0,140,276,1012,2647,,3827,1802,5629,1955,25,401,0,1422,3803,736,3,11,1,0,0,0,0,0,0,1,0,0,0,0,0
320,11월,11,11월07일,2576,513,0,0,378,3483,12774,,18743,3037,21780,9603,434,1979,20,2228,14244,3105,16,11,0,0,0,0,0,1,0,1,0,0,0,0,0
321,11월,12,11월08일,581,129,0,0,51,772,3031,,4657,606,5263,2377,73,581,5,517,3548,721,11,11,0,0,0,0,1,0,0,1,0,0,0,0,0
322,11월,13,11월09일,428,88,0,0,121,638,2014,,3069,1523,4592,1619,23,308,1,1358,3308,517,1,11,0,0,0,1,0,0,0,1,0,0,0,0,0
323,11월,14,11월10일,232,24,0,0,31,289,959,,1483,1124,2607,847,13,99,0,1062,2021,258,2,11,0,0,0,0,0,0,1,1,0,0,0,0,0
324,11월,15,11월11일,164,26,0,0,49,241,1246,,1754,1320,3074,969,156,116,0,1187,2428,192,2,11,0,0,1,0,0,0,0,1,0,0,0,0,0
325,11월,16,11월12일,158,9,0,0,68,240,1164,,1566,1352,2918,769,237,96,1,1233,2335,172,5,11,0,1,0,0,0,0,0,1,0,0,0,0,0
326,11월,17,11월13일,33,3,0,0,8,44,435,,380,496,876,290,6,18,0,484,798,36,0,11,1,0,0,0,0,0,0,1,0,0,0,0,0
327,11월,18,11월14일,663,148,0,0,28,845,4566,,7038,1560,8598,3334,252,830,23,1437,5853,817,6,11,0,0,0,0,0,1,0,1,0,0,0,0,0
328,11월,19,11월15일,271,58,0,0,17,357,2193,,3150,1101,4251,1707,95,334,7,1031,3167,340,11,11,0,0,0,0,1,0,0,1,0,0,0,0,0
329,11월,20,11월16일,46,6,0,0,12,64,788,,635,611,1246,234,273,21,0,593,1121,52,0,11,0,0,0,1,0,0,0,1,0,0,0,0,0
330,11월,21,11월17일,40,3,0,0,15,58,358,,482,830,1312,256,42,27,1,811,1136,43,0,11,0,0,0,0,0,0,1,1,0,0,0,0,0
331,11월,22,11월18일,33,3,0,0,7,43,246,,318,775,1093,197,9,10,0,765,981,36,0,11,0,0,1,0,0,0,0,1,0,0,0,0,0
332,11월,23,11월19일,59,6,0,0,18,86,281,,404,948,1352,254,12,15,3,905,1186,68,3,11,0,1,0,0,0,0,0,1,0,0,0,0,0
333,11월,24,11월20일,57,8,0,0,36,102,1588,,1291,858,2149,471,366,178,0,820,1835,66,1,11,1,0,0,0,0,0,0,1,0,0,0,0,0
334,11월,25,11월21일,398,69,0,0,8,481,2995,,4085,1199,5284,2147,236,312,5,1155,3850,473,6,11,0,0,0,0,0,1,0,1,0,0,0,0,0
335,11월,26,11월22일,608,151,0,0,16,803,3849,,6055,1273,7328,2957,166,726,2,1204,5053,787,28,11,0,0,0,0,1,0,0,1,0,0,0,0,0
336,11월,27,11월23일,118,15,0,0,14,147,621,,914,927,1841,540,25,56,0,902,1523,133,0,11,0,0,0,1,0,0,0,1,0,0,0,0,0
337,11월,28,11월24일,253,28,0,0,25,306,1078,,1562,1158,2720,842,53,183,12,1109,2187,281,0,11,0,0,0,0,0,0,1,1,0,0,0,0,0
338,11월,29,11월25일,64,5,0,0,1,70,250,,381,800,1181,219,12,19,0,784,1034,69,0,11,0,0,1,0,0,0,0,1,0,0,0,0,0
339,11월,30,11월26일,151,22,0,0,24,197,837,,1224,1205,2429,721,30,86,0,1150,1987,173,0,11,0,1,0,0,0,0,0,1,0,0,0,0,0
340,11월,31,11월27일,216,19,0,110,8,243,909,,1208,859,2067,622,68,79,1,839,1608,235,0,11,1,0,0,0,0,0,0,1,0,0,0,0,0
341,11월,32,11월28일,732,195,2,0,16,954,4961,,7500,1617,9117,3504,211,1025,0,1535,6275,938,11,11,0,0,0,0,0,1,0,1,0,0,0,0,0
342,11월,33,11월29일,94,28,0,0,18,141,897,,1280,876,2156,681,38,128,0,814,1661,123,1,11,0,0,0,0,1,0,0,1,0,0,0,0,0
343,11월,34,11월30일,107,17,0,0,16,140,678,,953,894,1847,557,50,71,0,861,1539,124,0,11,0,0,0,1,0,0,0,1,0,0,0,0,0
345,12월,5,12월01일,135,20,0,0,11,166,931,,1183,1063,2246,642,113,79,0,1034,1868,155,0,12,0,0,0,0,0,0,1,0,0,0,1,0,0
346,12월,6,12월02일,106,14,0,0,6,129,555,,823,1166,1989,452,50,53,2,1142,1697,123,3,12,0,0,1,0,0,0,0,0,0,0,1,0,0
347,12월,7,12월03일,46,6,0,0,1,53,251,,366,807,1173,209,22,20,0,803,1054,52,0,12,0,1,0,0,0,0,0,0,0,0,1,0,0
348,12월,8,12월04일,89,8,0,0,4,101,561,,792,902,1694,460,42,59,0,893,1454,97,0,12,1,0,0,0,0,0,0,0,0,0,1,0,0
349,12월,9,12월05일,89,15,0,0,1,108,848,,1024,735,1759,509,146,65,3,715,1435,107,3,12,0,0,0,0,0,1,0,0,0,0,1,0,0
350,12월,10,12월06일,253,34,0,0,16,304,2266,,2511,913,3424,1548,49,169,0,880,2646,288,1,12,0,0,0,0,1,0,0,0,0,0,1,0,0
351,12월,11,12월07일,29,5,0,0,4,38,1506,,1029,779,1808,245,655,22,0,769,1691,34,0,12,0,0,0,1,0,0,0,0,0,0,1,0,0
352,12월,12,12월08일,51,4,0,0,8,63,314,,390,942,1332,228,37,16,0,917,1198,55,0,12,0,0,0,0,0,0,1,0,0,0,1,0,0
353,12월,13,12월09일,56,6,0,0,9,71,338,,459,1008,1467,298,11,29,0,960,1298,62,0,12,0,0,1,0,0,0,0,0,0,0,1,0,0
354,12월,14,12월10일,33,1,0,0,0,34,137,,191,665,856,130,6,1,0,661,798,34,0,12,0,1,0,0,0,0,0,0,0,0,1,0,0
355,12월,15,12월11일,63,10,0,0,2,75,496,,566,987,1553,321,44,36,21,954,1355,73,0,12,1,0,0,0,0,0,0,0,0,0,1,0,0
356,12월,16,12월12일,830,222,0,750,16,1826,6114,,9622,1821,11443,3322,954,1088,6,1516,6880,1810,758,12,0,0,0,0,0,1,0,0,0,0,1,0,0
357,12월,17,12월13일,547,138,0,0,21,714,3829,,5868,1400,7268,2809,143,827,0,1302,5081,693,8,12,0,0,0,0,1,0,0,0,0,0,1,0,0
358,12월,18,12월14일,49,6,0,0,5,65,380,,481,808,1289,276,23,15,8,798,1112,60,5,12,0,0,0,1,0,0,0,0,0,0,1,0,0
359,12월,19,12월15일,29,3,0,0,0,32,233,,580,771,1351,188,39,6,0,771,1004,32,0,12,0,0,0,0,0,0,1,0,0,0,1,0,0
360,12월,20,12월16일,12,0,0,0,2,14,152,,188,618,806,116,34,2,0,616,768,12,0,12,0,0,1,0,0,0,0,0,0,0,1,0,0
361,12월,21,12월17일,15,0,0,0,10,26,172,,203,576,779,93,47,8,4,566,714,16,1,12,0,1,0,0,0,0,0,0,0,0,1,0,0
362,12월,22,12월18일,3,0,0,0,0,3,159,,139,348,487,58,60,2,0,348,468,3,0,12,1,0,0,0,0,0,0,0,0,0,1,0,0
363,12월,23,12월19일,66,4,0,0,2,72,544,,661,606,1267,408,50,23,3,601,1082,70,0,12,0,0,0,0,0,1,0,0,0,0,1,0,0
364,12월,24,12월20일,112,19,0,0,0,132,796,,1205,963,2168,620,68,108,3,945,1741,132,1,12,0,0,0,0,1,0,0,0,0,0,1,0,0
365,12월,25,12월21일,21,0,0,0,1,22,281,,313,656,969,176,53,12,0,651,892,21,0,12,0,0,0,1,0,0,0,0,0,0,1,0,0
366,12월,26,12월22일,55,4,0,0,12,71,356,,478,813,1291,287,39,30,7,792,1148,59,0,12,0,0,0,0,0,0,1,0,0,0,1,0,0
367,12월,27,12월23일,66,7,0,0,7,80,1813,,1262,863,2125,308,770,33,0,848,1959,73,0,12,0,0,1,0,0,0,0,0,0,0,1,0,0
368,12월,28,12월24일,129,22,0,0,7,159,1104,,1545,930,2475,883,88,133,0,917,2021,152,1,12,0,1,0,0,0,0,0,0,0,0,1,0,0
369,12월,29,12월25일,3,2,0,0,3,10,2692,,3789,669,4458,1764,456,472,1,631,3323,7,2,12,1,0,0,0,0,0,0,0,0,0,1,0,0
370,12월,30,12월26일,2,0,0,0,3,5,1630,,2278,911,3189,1194,111,325,11,885,2515,2,0,12,0,0,0,0,0,1,0,0,0,0,1,0,0
371,12월,31,12월27일,0,0,0,0,0,0,895,,1158,765,1923,635,80,180,1,749,1644,0,0,12,0,0,0,0,1,0,0,0,0,0,1,0,0
372,12월,32,12월28일,45,12,0,0,3,60,568,,585,360,945,215,165,55,0,355,790,57,0,12,0,0,0,1,0,0,0,0,0,0,1,0,0
373,12월,33,12월29일,12,6,0,0,12,30,5294,,10384,560,10944,193,18,5083,0,547,5841,18,0,12,0,0,0,0,0,0,1,0,0,0,1,0,0
374,12월,34,12월30일,16,3,0,0,2,21,192,,252,551,803,145,20,27,0,547,739,19,0,12,0,0,1,0,0,0,0,0,0,0,1,0,0
375,12월,35,12월31일,23,9,0,0,2,34,216,,317,339,656,148,30,38,1,336,552,32,0,12,0,1,0,0,0,0,0,0,0,0,1,0,0
