,Unnamed: 0,Unnamed: 1,months,m_etc,m_paid,m_free,m_total,zb_paid,zb_adult,zb_foreigner,zb_teen,zb_child,zb_free,zb_total,tp_group,tp_paid,tp_adult,tp_teen,tp_child,tp_foreigner,tp_free,tp_total,temp,date_fri,date_thur,date_wed,date_mon,date_sun,date_sat,date_tue,fall,spring,summer,winter,break_summer,break_winter
0,1월,5,01월01일,251,38,0,0,0,299,6073,,5110,452,5562,2893,149,1021,0,411,4474,299,10,1.0,1,0,0,0,0,0,0,0,0,0,1,0,1
1,1월,6,01월02일,389,83,0,0,2,490,2530,,3790,1051,4841,1880,148,502,0,1000,3530,488,16,1.0,0,0,0,0,0,1,0,0,0,0,1,0,1
2,1월,7,01월03일,350,69,0,0,2,433,2535,,3715,1087,4802,1856,134,435,4,1025,3450,431,12,1.0,0,0,0,0,1,0,0,0,0,0,1,0,1
3,1월,8,01월04일,10,0,0,0,2,12,248,,193,278,471,165,11,2,0,274,452,10,0,1.0,0,0,0,1,0,0,0,0,0,0,1,0,1
4,1월,9,01월05일,25,0,0,0,4,29,7302,,3779,431,4210,1927,19,1796,0,425,4167,25,0,1.0,0,0,0,0,0,0,1,0,0,0,1,0,1
5,1월,10,01월06일,27,4,0,0,0,31,216,,199,475,674,107,7,44,2,475,633,31,0,1.0,0,0,1,0,0,0,0,0,0,0,1,0,1
6,1월,11,01월07일,8,2,0,0,2,12,131,,176,411,587,87,15,29,0,409,540,10,0,1.0,0,1,0,0,0,0,0,0,0,0,1,0,1
7,1월,12,01월08일,28,9,0,0,0,38,270,,399,472,871,173,53,44,0,469,739,38,1,1.0,1,0,0,0,0,0,0,0,0,0,1,0,1
8,1월,13,01월09일,194,50,0,0,4,250,1327,,1984,1088,3072,975,83,269,1,1054,2381,246,2,1.0,0,0,0,0,0,1,0,0,0,0,1,0,1
9,1월,14,01월10일,330,93,0,0,9,435,2381,,3584,1269,4853,1808,113,460,8,1206,3587,426,3,1.0,0,0,0,0,1,0,0,0,0,0,1,0,1
10,1월,15,01월11일,44,10,0,0,5,59,266,,428,674,1102,208,10,48,0,655,921,54,0,1.0,0,0,0,1,0,0,0,0,0,0,1,0,1
11,1월,16,01월12일,37,1,0,0,0,40,204,,340,566,906,159,23,22,0,563,767,40,2,1.0,0,0,0,0,0,0,1,0,0,0,1,0,1
12,1월,17,01월13일,20,5,0,0,0,25,120,,204,356,560,86,17,17,0,353,473,25,0,1.0,0,0,1,0,0,0,0,0,0,0,1,0,1
13,1월,18,01월14일,13,6,0,0,0,19,291,,279,382,661,138,34,54,0,379,605,19,0,1.0,0,1,0,0,0,0,0,0,0,0,1,0,1
14,1월,19,01월15일,37,4,0,0,0,42,239,,348,573,921,185,23,31,0,561,800,42,1,1.0,1,0,0,0,0,0,0,0,0,0,1,0,1
15,1월,20,01월16일,382,46,0,0,7,443,2010,,3152,1636,4788,1620,116,274,0,1460,3470,436,8,1.0,0,0,0,0,0,1,0,0,0,0,1,0,1
16,1월,21,01월17일,620,79,0,0,10,721,3559,,5519,2105,7624,2935,181,423,5,1857,5396,711,12,1.0,0,0,0,0,1,0,0,0,0,0,1,0,1
17,1월,22,01월18일,74,5,0,0,1,81,492,,708,795,1503,368,57,67,0,770,1262,80,1,1.0,0,0,0,1,0,0,0,0,0,0,1,0,1
18,1월,23,01월19일,135,16,0,0,18,173,986,,1387,1157,2544,824,83,79,0,1105,2091,155,4,1.0,0,0,0,0,0,0,1,0,0,0,1,0,1
19,1월,24,01월20일,14,2,0,0,0,16,110,,203,665,868,67,31,12,1,652,762,16,0,1.0,0,0,1,0,0,0,0,0,0,0,1,0,1
20,1월,25,01월21일,47,8,0,0,5,63,438,,689,840,1529,295,63,80,0,821,1259,58,3,1.0,0,1,0,0,0,0,0,0,0,0,1,0,1
21,1월,26,01월22일,35,8,0,0,0,45,349,,494,572,1066,192,39,72,0,565,868,45,2,1.0,1,0,0,0,0,0,0,0,0,0,1,0,1
22,1월,27,01월23일,275,32,0,0,3,318,1836,,2764,1275,4039,1388,142,248,2,1190,2968,315,8,1.0,0,0,0,0,0,1,0,0,0,0,1,0,1
23,1월,28,01월24일,770,107,0,0,12,903,4297,,6849,1992,8841,3445,256,596,0,1801,6098,891,14,1.0,0,0,0,0,1,0,0,0,0,0,1,0,1
24,1월,29,01월25일,77,20,0,0,0,98,749,,1071,766,1837,435,75,164,1,748,1422,98,1,1.0,0,0,0,1,0,0,0,0,0,0,1,0,1
25,1월,30,01월26일,93,16,0,0,18,132,606,,895,925,1820,426,80,100,1,884,1490,114,5,1.0,0,0,0,0,0,0,1,0,0,0,1,0,1
26,1월,31,01월27일,59,8,0,0,2,74,761,,996,1056,2052,423,76,156,2,1011,1666,72,5,1.0,0,0,1,0,0,0,0,0,0,0,1,0,1
27,1월,32,01월28일,94,13,0,0,4,116,724,,935,985,1920,471,94,89,1,928,1582,112,5,1.0,0,1,0,0,0,0,0,0,0,0,1,0,1
28,1월,33,01월29일,77,11,0,0,2,99,772,,1060,831,1891,479,103,112,4,793,1487,97,9,1.0,1,0,0,0,0,0,0,0,0,0,1,0,1
29,1월,34,01월30일,481,57,0,0,4,548,3363,,5205,1787,6992,2737,220,406,12,1593,4956,544,6,1.0,0,0,0,0,0,1,0,0,0,0,1,0,1
30,1월,35,01월31일,659,42,0,0,10,724,3995,,6328,2179,8507,3368,189,438,3,1822,5817,714,13,1.0,0,0,0,0,1,0,0,0,0,0,1,0,1
32,2월,5,02월01일,97,3,0,0,4,107,751,,1109,1145,2254,580,103,68,3,1036,1787,103,3,2.0,0,0,0,1,0,0,0,0,0,0,1,0,1
33,2월,6,02월02일,58,6,0,0,0,68,365,,489,806,1295,227,55,23,4,793,1098,68,4,2.0,0,0,0,0,0,0,1,0,0,0,1,0,1
34,2월,7,02월03일,11,1,0,0,0,13,308,,382,646,1028,125,109,10,0,636,880,13,1,2.0,0,0,1,0,0,0,0,0,0,0,1,0,1
35,2월,8,02월04일,34,1,0,0,2,41,273,,346,707,1053,183,60,9,0,692,944,39,4,2.0,0,1,0,0,0,0,0,0,0,0,1,0,1
36,2월,9,02월05일,16,1,0,0,6,23,285,,401,679,1080,215,53,17,0,653,938,17,0,2.0,1,0,0,0,0,0,0,0,0,0,1,0,1
37,2월,10,02월06일,394,40,0,0,5,439,2409,,3642,1749,5391,1963,114,263,1,1589,3929,434,0,2.0,0,0,0,0,0,1,0,0,0,0,1,0,1
38,2월,11,02월07일,916,121,0,0,29,1084,4992,,8064,2392,10456,4190,205,597,6,2007,6999,1055,18,2.0,0,0,0,0,1,0,0,0,0,0,1,0,1
39,2월,12,02월08일,41,5,0,0,0,46,265,,379,649,1028,204,40,21,0,634,899,46,0,2.0,0,0,0,1,0,0,0,0,0,0,1,0,1
40,2월,13,02월09일,10,0,0,0,7,17,124,,168,536,704,96,16,12,0,524,648,10,0,2.0,0,0,0,0,0,0,1,0,0,0,1,0,1
41,2월,14,02월10일,9,0,0,0,0,11,75,,96,547,643,63,3,9,0,547,622,11,2,2.0,0,0,1,0,0,0,0,0,0,0,1,0,1
42,2월,15,02월11일,7,1,0,0,0,8,56,,65,251,316,49,3,4,0,250,306,8,0,2.0,0,1,0,0,0,0,0,0,0,0,1,0,1
43,2월,16,02월12일,30,2,0,0,1,33,407,,435,488,923,273,30,31,0,476,810,32,0,2.0,1,0,0,0,0,0,0,0,0,0,1,0,1
44,2월,17,02월13일,229,19,0,0,6,254,1706,,2526,999,3525,1374,68,264,5,861,2567,248,0,2.0,0,0,0,0,0,1,0,0,0,0,1,0,1
45,2월,18,02월14일,358,58,0,0,4,441,2896,,4379,718,5097,2292,163,441,32,584,3480,437,21,2.0,0,0,0,0,1,0,0,0,0,0,1,0,1
46,2월,19,02월15일,904,132,0,0,6,1075,5875,,9203,2190,11393,4779,270,826,8,1776,7651,1069,33,2.0,0,0,0,1,0,0,0,0,0,0,1,0,1
47,2월,20,02월16일,230,24,0,0,3,263,1543,,2374,985,3359,1232,146,165,5,921,2464,260,6,2.0,0,0,0,0,0,0,1,0,0,0,1,0,1
48,2월,21,02월17일,49,6,0,0,6,62,490,,674,926,1600,336,90,64,0,902,1392,56,1,2.0,0,0,1,0,0,0,0,0,0,0,1,0,1
49,2월,22,02월18일,25,1,0,0,2,30,313,,445,783,1228,229,43,41,0,763,1076,28,2,2.0,0,1,0,0,0,0,0,0,0,0,1,0,1
50,2월,23,02월19일,63,14,0,0,9,88,928,,1107,850,1957,643,94,91,0,821,1649,79,2,2.0,1,0,0,0,0,0,0,0,0,0,1,0,1
51,2월,24,02월20일,1116,152,0,0,45,1318,6761,,10528,2882,13410,5319,389,935,2,2273,8916,1273,5,2.0,0,0,0,0,0,1,0,0,0,0,1,0,1
52,2월,25,02월21일,2085,308,0,0,42,2471,11796,,18500,3726,22226,9755,371,1635,4,3003,14764,2429,36,2.0,0,0,0,0,1,0,0,0,0,0,1,0,1
53,2월,26,02월22일,255,47,0,0,3,316,1981,,2795,956,3751,1450,154,313,0,928,2845,313,11,2.0,0,0,0,1,0,0,0,0,0,0,1,0,1
54,2월,27,02월23일,437,60,0,0,44,550,3211,,4787,1950,6737,2531,215,465,4,1755,4966,506,9,2.0,0,0,0,0,0,0,1,0,0,0,1,0,1
55,2월,28,02월24일,623,121,1,0,26,779,3982,,6142,1839,7981,2993,347,642,7,1609,5591,753,9,2.0,0,0,1,0,0,0,0,0,0,0,1,0,1
56,2월,29,02월25일,20,8,0,0,2,30,170,,219,312,531,112,6,21,0,292,431,28,0,2.0,0,1,0,0,0,0,0,0,0,0,1,0,1
57,2월,30,02월26일,343,72,0,0,11,436,2375,,3487,1057,4544,1760,221,394,4,959,3334,425,10,2.0,1,0,0,0,0,0,0,0,0,0,1,0,1
58,2월,31,02월27일,2902,404,0,0,45,3375,14679,,22290,5031,27321,11782,655,2242,3,3262,17941,3330,24,2.0,0,0,0,0,0,1,0,0,0,0,1,0,1
59,2월,32,02월28일,4362,539,0,0,68,5025,24076,,33298,5645,38943,19563,814,3658,0,3845,27880,4957,56,2.0,0,0,0,0,1,0,0,0,0,0,1,0,1
61,3월,5,03월01일,161,18,0,0,2,183,976,,1643,493,2136,783,84,109,1,448,1424,181,2,3.0,0,0,0,1,0,0,0,0,1,0,0,0,0
62,3월,6,03월02일,103,10,0,0,26,139,528,,803,1015,1818,430,15,43,0,955,1443,113,0,3.0,0,0,0,0,0,0,1,0,1,0,0,0,0
63,3월,7,03월03일,198,14,0,0,20,232,1063,,1689,1470,3159,1008,3,52,0,1363,2426,212,0,3.0,0,0,1,0,0,0,0,0,1,0,0,0,0
64,3월,8,03월04일,26,0,0,0,5,31,137,,173,707,880,106,0,3,0,700,809,26,0,3.0,0,1,0,0,0,0,0,0,1,0,0,0,0
65,3월,9,03월05일,117,3,0,0,3,123,780,,1220,1073,2293,765,2,13,2,1010,1790,120,0,3.0,1,0,0,0,0,0,0,0,1,0,0,0,0
66,3월,10,03월06일,190,17,0,0,48,255,9259,,13119,4127,17246,8388,132,697,6,2976,12193,207,0,3.0,0,0,0,0,0,1,0,0,1,0,0,0,0
67,3월,11,03월07일,293,40,0,0,123,460,14395,,20018,5196,25214,11907,357,2096,12,3362,17722,337,4,3.0,0,0,0,0,1,0,0,0,1,0,0,0,0
68,3월,12,03월08일,14,4,0,0,20,38,842,,1222,1181,2403,795,23,24,4,1112,1954,18,0,3.0,0,0,0,1,0,0,0,0,1,0,0,0,0
69,3월,13,03월09일,0,0,0,0,12,12,306,,387,851,1238,295,5,6,0,819,1125,0,0,3.0,0,0,0,0,0,0,1,0,1,0,0,0,0
70,3월,14,03월10일,1,0,0,0,9,10,216,,204,707,911,172,1,3,0,696,872,1,0,3.0,0,0,1,0,0,0,0,0,1,0,0,0,0
71,3월,15,03월11일,4,0,0,0,4,8,529,,675,1063,1738,475,7,26,3,1014,1522,4,0,3.0,0,1,0,0,0,0,0,0,1,0,0,0,0
72,3월,16,03월12일,5,3,0,0,5,13,347,,499,933,1432,317,6,24,2,913,1260,8,0,3.0,1,0,0,0,0,0,0,0,1,0,0,0,0
73,3월,17,03월13일,232,54,0,0,86,378,12399,,17359,4457,21816,9584,382,2037,6,2872,14875,292,6,3.0,0,0,0,0,0,1,0,0,1,0,0,0,0
74,3월,18,03월14일,373,67,0,0,110,552,19506,,25842,5087,30929,15597,480,3198,8,3299,22574,442,2,3.0,0,0,0,0,1,0,0,0,1,0,0,0,0
75,3월,19,03월15일,2,0,0,0,2,4,126,,153,361,514,120,2,4,15,339,465,2,0,3.0,0,0,0,1,0,0,0,0,1,0,0,0,0
76,3월,20,03월16일,110,0,0,0,16,126,498,,847,976,1823,485,7,6,0,900,1398,110,0,3.0,0,0,0,0,0,0,1,0,1,0,0,0,0
77,3월,21,03월17일,4,0,0,0,6,10,754,,644,949,1593,523,5,6,0,929,1463,4,0,3.0,0,0,1,0,0,0,0,0,1,0,0,0,0
78,3월,22,03월18일,4,6,0,0,9,19,431,,596,1051,1647,413,7,11,1,1016,1447,10,0,3.0,0,1,0,0,0,0,0,0,1,0,0,0,0
79,3월,23,03월19일,9,0,0,0,11,20,663,,904,1073,1977,646,2,15,0,1021,1684,9,0,3.0,1,0,0,0,0,0,0,0,1,0,0,0,0
80,3월,24,03월20일,7,1,0,0,17,25,725,,1053,946,1999,592,84,49,7,911,1636,8,0,3.0,0,0,0,0,0,1,0,0,1,0,0,0,0
81,3월,25,03월21일,120,22,0,0,59,203,7217,,10226,2533,12759,5983,219,948,14,2175,9325,144,2,3.0,0,0,0,0,1,0,0,0,1,0,0,0,0
82,3월,26,03월22일,0,0,0,0,1,1,273,,320,832,1152,215,3,20,0,822,1060,0,0,3.0,0,0,0,1,0,0,0,0,1,0,0,0,0
83,3월,27,03월23일,5,0,0,0,30,35,715,,954,1191,2145,688,10,17,3,1061,1776,5,0,3.0,0,0,0,0,0,0,1,0,1,0,0,0,0
84,3월,28,03월24일,48,3,0,0,38,89,1431,,1981,1762,3743,1362,14,55,0,1610,3041,51,0,3.0,0,0,1,0,0,0,0,0,1,0,0,0,0
85,3월,29,03월25일,5,0,0,0,16,21,778,,741,1150,1891,378,156,14,0,1032,1580,5,0,3.0,0,1,0,0,0,0,0,0,1,0,0,0,0
86,3월,30,03월26일,3,2,0,0,3,8,1452,,1532,1177,2709,657,318,20,0,1111,2106,5,0,3.0,1,0,0,0,0,0,0,0,1,0,0,0,0
87,3월,31,03월27일,125,12,0,72,12,152,5557,,7319,2106,9425,3576,321,969,2,1946,6812,140,3,3.0,0,0,0,0,0,1,0,0,1,0,0,0,0
88,3월,32,03월28일,525,115,0,0,60,719,19178,,26049,5816,31865,15774,485,2817,17,3961,23037,659,19,3.0,0,0,0,0,1,0,0,0,1,0,0,0,0
89,3월,33,03월29일,28,4,0,0,34,67,2363,,3154,1622,4776,2173,10,70,0,1454,3707,33,1,3.0,0,0,0,1,0,0,0,0,1,0,0,0,0
90,3월,34,03월30일,29,1,2,0,58,88,2821,,3155,2083,5238,1851,380,79,5,1882,4192,30,0,3.0,0,0,0,0,0,0,1,0,1,0,0,0,0
91,3월,35,03월31일,0,0,0,0,3,3,243,,264,656,920,131,30,11,0,648,820,0,0,3.0,0,0,1,0,0,0,0,0,1,0,0,0,0
93,4월,5,04월01일,2,0,0,0,3,5,2981,,1745,811,2556,203,1377,24,0,798,2402,2,0,4.0,0,1,0,0,0,0,0,0,1,0,0,0,0
94,4월,6,04월02일,62,0,0,0,66,128,3652,,3707,1532,5239,1604,996,88,7,1327,4015,62,0,4.0,1,0,0,0,0,0,0,0,1,0,0,0,0
95,4월,7,04월03일,417,44,0,0,61,525,16754,,21726,4521,26247,13408,1284,1033,12,3137,18862,464,3,4.0,0,0,0,0,0,1,0,0,1,0,0,0,0
96,4월,8,04월04일,1043,178,0,0,125,1353,28256,,36614,6810,43424,23705,578,3887,17,4446,32616,1228,7,4.0,0,0,0,0,1,0,0,0,1,0,0,0,0
97,4월,9,04월05일,60,3,0,0,65,131,3656,,4974,1760,6734,3135,44,260,6,1542,4981,66,3,4.0,0,0,0,1,0,0,0,0,1,0,0,0,0
98,4월,10,04월06일,26,27,0,30,78,134,4013,,3784,1920,5704,1361,1024,179,5,1751,4315,56,3,4.0,0,0,0,0,0,0,1,0,1,0,0,0,0
99,4월,11,04월07일,29,73,0,77,11,113,6015,,6132,2338,8470,2598,1529,183,0,2138,6448,102,0,4.0,0,0,1,0,0,0,0,0,1,0,0,0,0
100,4월,12,04월08일,58,1,0,134,285,344,6574,,6750,2923,9673,2933,1448,370,8,2261,7012,59,0,4.0,0,1,0,0,0,0,0,0,1,0,0,0,0
101,4월,13,04월09일,95,48,0,44,80,223,10874,,11787,3474,15261,4082,1813,1721,3,2699,10315,143,0,4.0,1,0,0,0,0,0,0,0,1,0,0,0,0
102,4월,14,04월10일,580,130,0,0,109,835,24863,,31326,6829,38155,17515,1673,3819,7,4416,27423,726,16,4.0,0,0,0,0,0,1,0,0,1,0,0,0,0
103,4월,15,04월11일,1387,217,0,0,185,1807,32406,,41277,8337,49614,26948,567,4671,34,5487,37673,1622,18,4.0,0,0,0,0,1,0,0,0,1,0,0,0,0
104,4월,16,04월12일,48,5,0,0,88,142,8003,,8910,2225,11135,2600,630,2882,14,1776,7888,54,1,4.0,0,0,0,1,0,0,0,0,1,0,0,0,0
105,4월,17,04월13일,6,0,0,0,158,166,8999,,8036,3389,11425,1355,1000,2520,0,2597,7472,8,2,4.0,0,0,0,0,0,0,1,0,1,0,0,0,0
106,4월,18,04월14일,295,0,0,286,11,306,8239,,7334,2503,9837,1735,1821,911,0,2148,6615,295,0,4.0,0,0,1,0,0,0,0,0,1,0,0,0,0
107,4월,19,04월15일,115,67,0,204,342,524,11289,,10384,3155,13539,2574,2460,1790,0,2096,8920,182,0,4.0,0,1,0,0,0,0,0,0,1,0,0,0,0
108,4월,20,04월16일,177,8,0,0,183,368,12238,,12057,4079,16136,4279,1713,2085,11,3186,11263,185,0,4.0,1,0,0,0,0,0,0,0,1,0,0,0,0
109,4월,21,04월17일,2822,91,0,0,237,3168,27728,,35442,8554,43996,21603,2273,1567,32,5820,31263,2931,18,4.0,0,0,0,0,0,1,0,0,1,0,0,0,0
110,4월,22,04월18일,3502,283,4,0,352,4147,36461,,45686,10677,56363,28632,521,5020,22,7698,41871,3795,10,4.0,0,0,0,0,1,0,0,0,1,0,0,0,0
111,4월,23,04월19일,158,23,0,96,184,366,9654,,10096,2693,12789,1773,1342,4312,4,1991,9418,182,1,4.0,0,0,0,1,0,0,0,0,1,0,0,0,0
112,4월,24,04월20일,532,54,11,70,320,906,12828,,14556,5462,20018,4218,1027,2893,10,4371,12509,586,0,4.0,0,0,0,0,0,0,1,0,1,0,0,0,0
113,4월,25,04월21일,413,273,0,363,344,1031,10335,,10486,5462,15948,3079,1272,1843,0,3792,9986,687,1,4.0,0,0,1,0,0,0,0,0,1,0,0,0,0
114,4월,26,04월22일,252,188,0,290,410,850,10465,,10397,4264,14661,2104,1201,2608,5,2842,8755,440,0,4.0,0,1,0,0,0,0,0,0,1,0,0,0,0
115,4월,27,04월23일,350,140,0,483,674,1166,15027,,13928,6667,20595,3831,1930,3045,3,4528,13334,492,2,4.0,1,0,0,0,0,0,0,0,1,0,0,0,0
116,4월,28,04월24일,4224,334,0,71,504,5120,36969,,47862,11341,59203,28317,559,5972,58,8284,43132,4616,58,4.0,0,0,0,0,0,1,0,0,1,0,0,0,0
117,4월,29,04월25일,4089,430,2,97,365,4902,58909,,58856,10268,69124,34993,460,10980,21,7172,53605,4537,18,4.0,0,0,0,0,1,0,0,0,1,0,0,0,0
118,4월,30,04월26일,163,6,0,0,110,279,3398,,4464,1905,6369,1403,18,844,3,1505,3770,169,0,4.0,0,0,0,1,0,0,0,0,1,0,0,0,0
119,4월,31,04월27일,65,51,0,0,70,186,12025,,12645,1724,14369,682,750,7879,2,1232,10543,116,0,4.0,0,0,0,0,0,0,1,0,1,0,0,0,0
120,4월,32,04월28일,15,131,0,139,28,174,2661,,2482,1397,3879,234,520,582,8,1076,2412,146,0,4.0,0,0,1,0,0,0,0,0,1,0,0,0,0
121,4월,33,04월29일,208,41,0,347,461,712,7621,,6928,4495,11423,1822,1208,1161,1,2864,7055,251,2,4.0,0,1,0,0,0,0,0,0,1,0,0,0,0
122,4월,34,04월30일,440,329,2,758,747,1520,16812,,15285,8256,23541,3844,2948,2778,38,5056,14626,773,4,4.0,1,0,0,0,0,0,0,0,1,0,0,0,0
124,5월,5,05월01일,3185,151,3,30,280,3668,31175,,40711,9237,49948,24927,2126,2331,57,6123,35507,3388,52,5.0,0,0,0,0,0,1,0,0,1,0,0,0,0
125,5월,6,05월02일,3521,341,0,92,285,4181,36463,,47815,9459,57274,28705,1147,5808,44,6561,42221,3896,34,5.0,0,0,0,0,1,0,0,0,1,0,0,0,0
126,5월,7,05월03일,180,34,0,49,141,357,5689,,6263,2593,8856,2109,937,917,1,2038,6001,216,2,5.0,0,0,0,1,0,0,0,0,1,0,0,0,0
127,5월,8,05월04일,601,64,0,110,291,962,18911,,17762,6284,24046,5225,4200,2375,4,4141,15941,671,6,5.0,0,0,0,0,0,0,1,0,1,0,0,0,0
128,5월,9,05월05일,5419,6,0,0,1253,6802,50002,,65667,30767,96434,46960,3036,6,32,26080,76082,5549,124,5.0,0,0,1,0,0,0,0,0,1,0,0,0,0
129,5월,10,05월06일,127,14,0,0,52,196,5247,,5278,1362,6640,1550,1390,646,0,1125,4711,144,3,5.0,0,1,0,0,0,0,0,0,1,0,0,0,0
130,5월,11,05월07일,692,196,0,160,428,1322,17721,,19537,4921,24458,5498,4644,2027,13,3472,15641,894,6,5.0,1,0,0,0,0,0,0,0,1,0,0,0,0
131,5월,12,05월08일,1847,159,4,266,442,2480,38843,,37414,7376,44790,18736,1031,8171,18,4855,32793,2038,32,5.0,0,0,0,0,0,1,0,0,1,0,0,0,0
132,5월,13,05월09일,1967,155,0,0,212,2386,21455,,31391,6728,38119,17024,1075,2960,66,4171,25230,2174,52,5.0,0,0,0,0,1,0,0,0,1,0,0,0,0
133,5월,14,05월10일,303,7,0,0,136,450,5565,,5882,2236,8118,2650,1207,174,5,1720,5751,314,4,5.0,0,0,0,1,0,0,0,0,1,0,0,0,0
134,5월,15,05월11일,287,323,0,741,377,1301,8430,,8825,4422,13247,1930,1776,1065,4,3160,7931,924,314,5.0,0,0,0,0,0,0,1,0,1,0,0,0,0
135,5월,16,05월12일,462,85,8,646,724,1506,12860,,13280,6342,19622,3299,1379,4876,3,3983,13537,782,235,5.0,0,0,1,0,0,0,0,0,1,0,0,0,0
136,5월,17,05월13일,450,391,0,849,957,1798,12128,,11308,7727,19035,3331,2046,1470,6,4750,11597,841,0,5.0,0,1,0,0,0,0,0,0,1,0,0,0,0
137,5월,18,05월14일,507,210,0,324,633,1356,15722,,13693,8438,22131,3483,3919,1523,26,5312,14237,723,6,5.0,1,0,0,0,0,0,0,0,1,0,0,0,0
138,5월,19,05월15일,1830,76,3,68,360,2364,17440,,25240,7527,32767,14332,917,1152,11,5168,21569,2004,98,5.0,0,0,0,0,0,1,0,0,1,0,0,0,0
139,5월,20,05월16일,2689,208,1,110,397,3324,24801,,36124,8517,44641,19965,1001,3507,18,5194,29667,2927,30,5.0,0,0,0,0,1,0,0,0,1,0,0,0,0
140,5월,21,05월17일,332,154,16,222,376,862,13554,,12181,2780,14961,3030,2469,3493,0,2109,11101,486,0,5.0,0,0,0,1,0,0,0,0,1,0,0,0,0
141,5월,22,05월18일,43,55,0,55,123,221,3820,,2703,825,3528,236,1442,331,6,577,2586,98,0,5.0,0,0,0,0,0,0,1,0,1,0,0,0,0
142,5월,23,05월19일,243,83,0,318,507,833,5905,,6302,3361,9663,1855,1287,606,14,2432,6180,326,0,5.0,0,0,1,0,0,0,0,0,1,0,0,0,0
143,5월,24,05월20일,369,239,0,959,1694,2307,20371,,17342,8833,26175,3440,5520,2547,150,4777,16284,613,5,5.0,0,1,0,0,0,0,0,0,1,0,0,0,0
144,5월,25,05월21일,2883,588,0,45,691,4298,44116,,56592,11902,68494,33320,1986,8164,40,8412,51882,3607,136,5.0,1,0,0,0,0,0,0,0,1,0,0,0,0
145,5월,26,05월22일,1333,244,1,0,478,2088,24463,,34461,8810,43271,18453,997,4690,16,5747,29887,1610,33,5.0,0,0,0,0,0,1,0,0,1,0,0,0,0
146,5월,27,05월23일,106,6,0,0,69,181,2158,,3259,899,4158,1649,117,284,5,694,2744,112,0,5.0,0,0,0,0,1,0,0,0,1,0,0,0,0
147,5월,28,05월24일,29,2,0,0,69,102,3751,,2634,949,3583,481,1405,160,0,730,2776,33,2,5.0,0,0,0,1,0,0,0,0,1,0,0,0,0
148,5월,29,05월25일,132,12,0,0,289,435,4956,,4498,2844,7342,1251,1318,276,38,1946,4791,146,2,5.0,0,0,0,0,0,0,1,0,1,0,0,0,0
149,5월,30,05월26일,452,175,72,670,1269,1898,9005,,8885,5364,14249,2709,2506,461,0,2852,8528,629,2,5.0,0,0,1,0,0,0,0,0,1,0,0,0,0
150,5월,31,05월27일,626,286,0,1251,1632,2545,6758,,7329,6467,13796,2776,991,451,16,3401,7619,913,1,5.0,0,1,0,0,0,0,0,0,1,0,0,0,0
151,5월,32,05월28일,894,215,3,535,1205,2324,7134,,8182,5956,14138,2838,1352,496,34,3417,8103,1119,10,5.0,1,0,0,0,0,0,0,0,1,0,0,0,0
152,5월,33,05월29일,4786,423,0,1136,1089,6376,16695,,26431,6119,32550,12450,1234,1218,25,3728,18630,5287,78,5.0,0,0,0,0,0,1,0,0,1,0,0,0,0
153,5월,34,05월30일,4721,649,0,39,1313,6780,19073,,31167,7663,38830,14952,744,2754,25,4464,22914,5467,97,5.0,0,0,0,0,1,0,0,0,1,0,0,0,0
154,5월,35,05월31일,1063,38,0,0,818,1930,3717,,5513,2789,8302,2191,694,139,10,1713,4737,1112,11,5.0,0,0,0,1,0,0,0,0,1,0,0,0,0
156,6월,5,06월01일,1601,220,7,762,2204,4055,14217,,13967,5630,19597,3085,4183,2484,2,2744,12496,1851,30,6.0,0,0,0,0,0,0,1,0,0,1,0,0,0
157,6월,6,06월02일,7895,1072,17,34,2072,11408,26056,,44349,10801,55150,20874,1330,3718,11,6092,32014,9336,369,6.0,0,0,1,0,0,0,0,0,0,1,0,0,0
158,6월,7,06월03일,1232,188,0,581,1477,2899,4425,,6255,4458,10713,1997,774,273,2,2386,5430,1422,2,6.0,0,1,0,0,0,0,0,0,0,1,0,0,0
159,6월,8,06월04일,1366,101,2,440,1632,3105,8337,,8182,5447,13629,2158,2355,413,4,2873,7799,1473,6,6.0,1,0,0,0,0,0,0,0,0,1,0,0,0
160,6월,9,06월05일,5097,369,0,164,1830,7496,15794,,25389,7636,33025,10492,2201,988,22,4101,17782,5666,200,6.0,0,0,0,0,0,1,0,0,0,1,0,0,0
161,6월,10,06월06일,5929,756,0,0,1728,8570,17578,,31581,8314,39895,14184,560,2567,25,4536,21847,6842,157,6.0,0,0,0,0,1,0,0,0,0,1,0,0,0
162,6월,11,06월07일,1390,90,0,194,1331,2822,2427,,4794,3416,8210,1776,135,207,18,1852,3970,1491,11,6.0,0,0,0,1,0,0,0,0,0,1,0,0,0
163,6월,12,06월08일,1285,28,0,234,1756,3073,2908,,5275,4772,10047,1690,47,286,4,2477,4500,1317,4,6.0,0,0,0,0,0,0,1,0,0,1,0,0,0
164,6월,13,06월09일,1075,172,0,300,2078,3325,2490,,4230,5516,9746,1301,83,351,0,2542,4277,1247,0,6.0,0,0,1,0,0,0,0,0,0,1,0,0,0
165,6월,14,06월10일,1027,394,0,1057,2132,3562,5565,,5840,6158,11998,1292,1344,413,97,3006,6055,1430,9,6.0,0,1,0,0,0,0,0,0,0,1,0,0,0
166,6월,15,06월11일,1045,165,13,1025,2351,3618,6186,,7463,8794,16257,1589,919,965,0,4299,7772,1267,57,6.0,1,0,0,0,0,0,0,0,0,1,0,0,0
167,6월,16,06월12일,246,29,0,34,276,556,2131,,3421,1381,4802,1063,145,391,5,932,2531,280,5,6.0,0,0,0,0,0,1,0,0,0,1,0,0,0
168,6월,17,06월13일,3242,499,0,124,1250,5069,10737,,19434,5030,24464,8720,284,1574,14,2954,13532,3819,78,6.0,0,0,0,0,1,0,0,0,0,1,0,0,0
169,6월,18,06월14일,529,20,2,0,477,1038,1126,,2106,1597,3703,899,22,69,0,1018,2008,561,12,6.0,0,0,0,1,0,0,0,0,0,1,0,0,0
170,6월,19,06월15일,640,10,0,45,852,1502,2169,,3126,3282,6408,1052,308,208,0,1828,3396,650,0,6.0,0,0,0,0,0,0,1,0,0,1,0,0,0
171,6월,20,06월16일,667,122,0,636,1498,2293,1853,,3260,3794,7054,1251,24,143,0,1989,3407,795,6,6.0,0,0,1,0,0,0,0,0,0,1,0,0,0
172,6월,21,06월17일,623,297,0,1482,2144,3075,3830,,4857,7303,12160,1425,11,561,0,3628,5625,931,11,6.0,0,1,0,0,0,0,0,0,0,1,0,0,0
173,6월,22,06월18일,613,73,0,885,1593,2612,3379,,5125,5247,10372,1401,391,282,0,2743,4817,1019,333,6.0,1,0,0,0,0,0,0,0,0,1,0,0,0
174,6월,23,06월19일,1505,88,0,78,669,2346,6249,,9781,3426,13207,4660,554,412,12,2354,7980,1677,84,6.0,0,0,0,0,0,1,0,0,0,1,0,0,0
175,6월,24,06월20일,2382,243,0,0,762,3417,10171,,17901,4697,22598,8755,158,1228,5,3258,13399,2655,30,6.0,0,0,0,0,1,0,0,0,0,1,0,0,0
176,6월,25,06월21일,664,71,3,208,726,1470,1841,,3528,2105,5633,1581,22,126,3,1247,2976,744,9,6.0,0,0,0,1,0,0,0,0,0,1,0,0,0
177,6월,26,06월22일,674,19,0,36,845,1545,2338,,3432,3496,6928,1564,30,192,0,2300,4086,700,7,6.0,0,0,0,0,0,0,1,0,0,1,0,0,0
178,6월,27,06월23일,696,33,0,461,800,1533,1729,,3161,3111,6272,1295,26,103,0,2052,3476,733,4,6.0,0,0,1,0,0,0,0,0,0,1,0,0,0
179,6월,28,06월24일,546,65,3,59,716,1329,2176,,3552,3036,6588,1594,37,250,12,1895,3776,613,2,6.0,0,1,0,0,0,0,0,0,0,1,0,0,0
180,6월,29,06월25일,477,47,0,32,660,1190,2844,,4010,3185,7195,1716,43,245,35,1964,3968,530,6,6.0,1,0,0,0,0,0,0,0,0,1,0,0,0
181,6월,30,06월26일,932,159,1,240,567,1673,4691,,7857,3146,11003,3367,84,739,12,2107,6297,1106,15,6.0,0,0,0,0,0,1,0,0,0,1,0,0,0
182,6월,31,06월27일,822,528,0,591,471,1827,5737,,8075,2119,10194,2811,31,1559,7,1472,5873,1356,6,6.0,0,0,0,0,1,0,0,0,0,1,0,0,0
183,6월,32,06월28일,522,208,0,319,429,1162,2193,,3743,2432,6175,1645,35,122,0,1622,3424,733,3,6.0,0,0,0,1,0,0,0,0,0,1,0,0,0
184,6월,33,06월29일,488,67,2,152,551,1112,2494,,3463,3437,6900,1480,20,270,2,2333,4103,561,6,6.0,0,0,0,0,0,0,1,0,0,1,0,0,0
185,6월,34,06월30일,244,3,0,35,219,466,836,,1455,1124,2579,702,9,49,0,823,1583,247,0,6.0,0,0,1,0,0,0,0,0,0,1,0,0,0
187,7월,5,07월01일,460,35,0,0,353,860,1844,,3188,1884,5072,1502,33,173,0,1357,3065,507,12,7.0,0,1,0,0,0,0,0,0,0,1,0,1,0
188,7월,6,07월02일,27,0,0,0,52,80,161,,292,430,722,139,14,8,3,324,485,28,1,7.0,1,0,0,0,0,0,0,0,0,1,0,1,0
189,7월,7,07월03일,683,32,0,0,200,930,3282,,5564,1784,7348,2864,133,249,5,1405,4651,730,15,7.0,0,0,0,0,0,1,0,0,0,1,0,1,0
190,7월,8,07월04일,1681,163,0,0,404,2277,9255,,14946,4066,19012,7978,194,1050,36,2985,12207,1873,29,7.0,0,0,0,0,1,0,0,0,0,1,0,1,0
191,7월,9,07월05일,91,2,0,0,110,208,1585,,2422,1312,3734,1398,54,84,0,1097,2633,98,5,7.0,0,0,0,1,0,0,0,0,0,1,0,1,0
192,7월,10,07월06일,108,10,0,31,189,309,1539,,2355,1697,4052,1318,48,74,0,1323,2763,120,2,7.0,0,0,0,0,0,0,1,0,0,1,0,1,0
193,7월,11,07월07일,83,8,0,0,115,208,1458,,2394,1609,4003,1234,94,89,0,1378,2795,93,2,7.0,0,0,1,0,0,0,0,0,0,1,0,1,0
194,7월,12,07월08일,122,3,0,0,149,276,1526,,2285,1679,3964,1331,41,60,0,1450,2882,127,2,7.0,0,1,0,0,0,0,0,0,0,1,0,1,0
195,7월,13,07월09일,118,8,0,23,168,297,1998,,2834,1801,4635,1409,50,221,3,1305,2985,129,3,7.0,1,0,0,0,0,0,0,0,0,1,0,1,0
196,7월,14,07월10일,814,107,4,0,300,1254,11045,,17337,5320,22657,9005,507,1434,8,3282,14228,954,33,7.0,0,0,0,0,0,1,0,0,0,1,0,1,0
197,7월,15,07월11일,568,75,0,0,196,857,6502,,10181,3198,13379,5516,217,769,2,2393,8895,661,18,7.0,0,0,0,0,1,0,0,0,0,1,0,1,0
198,7월,16,07월12일,146,2,0,0,128,277,1799,,3008,1489,4497,1678,48,73,0,1213,3012,149,1,7.0,0,0,0,1,0,0,0,0,0,1,0,1,0
199,7월,17,07월13일,136,7,0,0,188,331,1649,,2654,1644,4298,1509,37,73,5,1324,2943,143,0,7.0,0,0,0,0,0,0,1,0,0,1,0,1,0
200,7월,18,07월14일,82,2,0,0,74,160,1489,,2161,1517,3678,1145,117,84,0,1383,2729,86,2,7.0,0,0,1,0,0,0,0,0,0,1,0,1,0
201,7월,19,07월15일,115,12,0,0,106,236,1882,,2927,1546,4473,1515,99,123,9,1335,3072,130,3,7.0,0,1,0,0,0,0,0,0,0,1,0,1,0
202,7월,20,07월16일,26,1,1,0,36,65,621,,835,809,1644,274,173,20,0,735,1202,29,2,7.0,1,0,0,0,0,0,0,0,0,1,0,1,0
203,7월,21,07월17일,15,0,0,0,25,40,385,,549,473,1022,274,20,54,1,412,760,15,0,7.0,0,0,0,0,0,1,0,0,0,1,0,1,0
204,7월,22,07월18일,536,73,0,0,175,804,9840,,14690,3799,18489,8144,318,1314,3,2680,12456,629,20,7.0,0,0,0,0,1,0,0,0,0,1,0,1,0
205,7월,23,07월19일,107,12,0,0,125,247,2032,,3319,1330,4649,1627,137,238,8,1088,3090,122,3,7.0,0,0,0,1,0,0,0,0,0,1,0,1,0
206,7월,24,07월20일,68,14,0,0,132,226,1944,,3496,1445,4941,1424,181,268,0,1192,3065,94,12,7.0,0,0,0,0,0,0,1,0,0,1,0,1,0
207,7월,25,07월21일,79,8,0,0,70,159,1485,,2855,1375,4230,1193,79,213,0,1218,2703,89,2,7.0,0,0,1,0,0,0,0,0,0,1,0,1,0
208,7월,26,07월22일,78,17,0,0,76,176,1855,,3407,1571,4978,1420,154,281,0,1343,3198,100,5,7.0,0,1,0,0,0,0,0,0,0,1,0,1,0
209,7월,27,07월23일,38,10,0,0,53,105,1880,,2567,817,3384,730,114,932,0,600,2376,52,4,7.0,1,0,0,0,0,0,0,0,0,1,0,1,0
210,7월,28,07월24일,431,62,0,0,146,673,8841,,14078,3909,17987,7047,382,1281,6,2793,11503,527,34,7.0,0,0,0,0,0,1,0,0,0,1,0,1,0
211,7월,29,07월25일,515,76,1,0,177,785,10052,,15933,4165,20098,8313,427,1312,9,2756,12808,608,17,7.0,0,0,0,0,1,0,0,0,0,1,0,1,0
212,7월,30,07월26일,127,22,0,0,101,255,3037,,5044,1529,6573,2345,224,468,11,1294,4331,154,5,7.0,0,0,0,1,0,0,0,0,0,1,0,1,0
213,7월,31,07월27일,71,10,1,0,90,177,3301,,5240,1780,7020,2394,190,585,4,1485,4654,87,6,7.0,0,0,0,0,0,0,1,0,0,1,0,1,0
214,7월,32,07월28일,47,10,0,0,93,151,2845,,5062,1659,6721,2142,142,484,1,1406,4174,58,1,7.0,0,0,1,0,0,0,0,0,0,1,0,1,0
215,7월,33,07월29일,164,18,0,0,77,263,3540,,6237,1615,7852,2587,257,674,6,1366,4884,186,4,7.0,0,1,0,0,0,0,0,0,0,1,0,1,0
216,7월,34,07월30일,192,36,0,0,97,332,5865,,9116,2083,11199,3659,458,1170,1,1705,6992,235,7,7.0,1,0,0,0,0,0,0,0,0,1,0,1,0
217,7월,35,07월31일,564,111,0,0,179,893,11756,,19209,4965,24174,9363,626,1767,17,3078,14834,714,39,7.0,0,0,0,0,0,1,0,0,0,1,0,1,0
219,8월,5,08월01일,384,40,0,0,107,548,10871,,17212,4272,21484,8918,417,1536,0,2579,13450,441,17,8.0,0,0,0,0,1,0,0,0,0,1,0,1,0
220,8월,6,08월02일,304,69,0,0,120,517,7715,,12062,3026,15088,5641,485,1338,1,1840,9304,397,24,8.0,0,0,0,1,0,0,0,0,0,1,0,1,0
221,8월,7,08월03일,264,38,0,0,158,474,8028,,12850,3837,16687,6199,426,1368,1,2287,10280,316,14,8.0,0,0,0,0,0,0,1,0,0,1,0,1,0
222,8월,8,08월04일,153,35,0,0,93,287,4506,,8062,2289,10351,3430,275,801,4,1718,6224,194,6,8.0,0,0,1,0,0,0,0,0,0,1,0,1,0
223,8월,9,08월05일,83,13,0,0,53,152,3252,,5400,1562,6962,2382,225,585,0,1374,4566,99,3,8.0,0,1,0,0,0,0,0,0,0,1,0,1,0
224,8월,10,08월06일,60,13,0,0,59,137,2759,,4405,1157,5562,1946,195,446,2,984,3571,78,5,8.0,1,0,0,0,0,0,0,0,0,1,0,1,0
225,8월,11,08월07일,77,11,2,0,40,134,3686,,6183,1774,7957,2892,192,602,0,1539,5225,94,6,8.0,0,0,0,0,0,1,0,0,0,1,0,1,0
226,8월,12,08월08일,263,47,0,0,88,409,7085,,12234,3006,15240,5542,436,940,0,2337,9255,321,11,8.0,0,0,0,0,1,0,0,0,0,1,0,1,0
227,8월,13,08월09일,54,13,0,0,57,136,2415,,4177,1295,5472,1823,202,390,0,1122,3537,79,12,8.0,0,0,0,1,0,0,0,0,0,1,0,1,0
228,8월,14,08월10일,23,6,0,0,51,82,1721,,2738,768,3506,1108,157,345,0,635,2245,31,2,8.0,0,0,0,0,0,0,1,0,0,1,0,1,0
229,8월,15,08월11일,61,15,0,0,41,121,2322,,3867,1147,5014,1566,154,448,0,1034,3202,80,4,8.0,0,0,1,0,0,0,0,0,0,1,0,1,0
230,8월,16,08월12일,25,3,0,0,73,105,2382,,3930,1478,5408,1739,170,430,0,1285,3624,32,4,8.0,0,1,0,0,0,0,0,0,0,1,0,1,0
231,8월,17,08월13일,37,18,0,0,30,88,2138,,3529,891,4420,1482,177,378,0,782,2819,58,3,8.0,1,0,0,0,0,0,0,0,0,1,0,1,0
232,8월,18,08월14일,60,22,0,0,73,160,3016,,4850,1380,6230,2165,180,578,10,1244,4167,87,5,8.0,0,0,0,0,0,1,0,0,0,1,0,1,0
233,8월,19,08월15일,196,23,0,0,93,319,12047,,14693,3156,17849,8610,411,1280,0,2419,12720,226,7,8.0,0,0,0,0,1,0,0,0,0,1,0,1,0
234,8월,20,08월16일,29,4,0,0,65,100,2930,,4444,1150,5594,1813,278,637,0,992,3720,35,2,8.0,0,0,0,1,0,0,0,0,0,1,0,1,0
235,8월,21,08월17일,75,20,0,0,96,192,3955,,5989,1522,7511,2567,350,772,0,1297,4986,96,1,8.0,0,0,0,0,0,0,1,0,0,1,0,1,0
236,8월,22,08월18일,28,17,0,0,29,74,2058,,3728,1313,5041,1490,228,340,1,1200,3258,45,0,8.0,0,0,1,0,0,0,0,0,0,1,0,1,0
237,8월,23,08월19일,47,35,1,0,63,151,2402,,3814,1582,5396,1470,210,480,7,1415,3575,88,6,8.0,0,1,0,0,0,0,0,0,0,1,0,1,0
238,8월,24,08월20일,21,3,0,0,73,104,1918,,3260,1295,4555,1281,137,398,0,1103,2919,31,7,8.0,1,0,0,0,0,0,0,0,0,1,0,1,0
239,8월,25,08월21일,117,15,0,0,101,242,5310,,9053,2444,11497,4106,329,805,11,2032,7272,141,9,8.0,0,0,0,0,0,1,0,0,0,1,0,1,0
240,8월,26,08월22일,125,8,0,0,83,227,5234,,9106,1945,11051,4177,263,756,6,1600,6796,144,11,8.0,0,0,0,0,1,0,0,0,0,1,0,1,0
241,8월,27,08월23일,14,3,0,0,26,43,635,,1146,614,1760,498,20,117,2,564,1199,17,0,8.0,0,0,0,1,0,0,0,0,0,1,0,1,0
242,8월,28,08월24일,16,0,0,0,41,57,928,,1414,877,2291,685,14,149,10,807,1655,16,0,8.0,0,0,0,0,0,0,1,0,0,1,0,1,0
243,8월,29,08월25일,4,0,0,0,34,38,314,,505,616,1121,271,4,39,0,562,876,4,0,8.0,0,0,1,0,0,0,0,0,0,1,0,1,0
244,8월,30,08월26일,47,5,0,0,73,125,1128,,1663,1009,2672,912,10,175,0,909,2006,52,0,8.0,0,1,0,0,0,0,0,0,0,1,0,1,0
245,8월,31,08월27일,36,3,0,0,50,91,3454,,3767,1202,4969,1314,940,182,5,1078,3514,41,2,8.0,1,0,0,0,0,0,0,0,0,1,0,1,0
246,8월,32,08월28일,82,16,0,0,105,203,3317,,5316,2124,7440,2564,186,455,0,1801,5006,98,0,8.0,0,0,0,0,0,1,0,0,0,1,0,1,0
247,8월,33,08월29일,29,4,0,0,31,64,1068,,1547,477,2024,933,37,98,0,404,1472,33,0,8.0,0,0,0,0,1,0,0,0,0,1,0,1,0
248,8월,34,08월30일,49,3,0,0,89,141,1948,,2801,1452,4253,1671,50,137,0,1190,3048,52,0,8.0,0,0,0,1,0,0,0,0,0,1,0,1,0
249,8월,35,08월31일,29,2,0,0,137,168,1140,,1604,1498,3102,829,20,165,2,1239,2253,31,0,8.0,0,0,0,0,0,0,1,0,0,1,0,1,0
251,9월,5,09월01일,28,2,0,0,82,112,884,,1354,1249,2603,832,3,49,0,1121,2005,30,0,9.0,0,0,1,0,0,0,0,1,0,0,0,0,0
252,9월,6,09월02일,9,1,0,0,16,26,344,,460,269,729,319,3,22,13,232,576,10,0,9.0,0,1,0,0,0,0,0,1,0,0,0,0,0
253,9월,7,09월03일,26,3,0,0,71,100,817,,1240,974,2214,702,11,38,0,871,1622,29,0,9.0,1,0,0,0,0,0,0,1,0,0,0,0,0
254,9월,8,09월04일,265,30,0,0,124,421,8539,,12986,2900,15886,7433,381,551,6,2323,10688,297,2,9.0,0,0,0,0,0,1,0,1,0,0,0,0,0
255,9월,9,09월05일,128,11,0,0,90,234,5389,,8279,2353,10632,4498,148,648,6,2049,7343,144,5,9.0,0,0,0,0,1,0,0,1,0,0,0,0,0
256,9월,10,09월06일,41,3,0,0,46,92,895,,1361,942,2303,829,9,57,13,823,1718,46,2,9.0,0,0,0,1,0,0,0,1,0,0,0,0,0
257,9월,11,09월07일,74,0,0,0,78,152,1237,,1888,1537,3425,1150,10,47,0,1315,2522,74,0,9.0,0,0,0,0,0,0,1,1,0,0,0,0,0
258,9월,12,09월08일,63,3,2,0,121,187,1877,,2873,1910,4783,1317,6,265,0,1532,3120,66,0,9.0,0,0,1,0,0,0,0,1,0,0,0,0,0
259,9월,13,09월09일,15,0,0,0,111,126,332,,722,1040,1762,315,5,12,0,910,1242,15,0,9.0,0,1,0,0,0,0,0,1,0,0,0,0,0
260,9월,14,09월10일,6,0,0,0,25,31,504,,778,536,1314,197,87,42,0,481,807,6,0,9.0,1,0,0,0,0,0,0,1,0,0,0,0,0
261,9월,15,09월11일,31,4,0,0,26,62,2060,,3274,1002,4276,1638,34,302,0,909,2883,36,1,9.0,0,0,0,0,0,1,0,1,0,0,0,0,0
262,9월,16,09월12일,263,30,0,0,118,414,7575,,11136,2417,13553,6432,137,934,0,1992,9495,296,3,9.0,0,0,0,0,1,0,0,1,0,0,0,0,0
263,9월,17,09월13일,59,2,0,0,132,193,3049,,2731,1888,4619,1518,10,168,0,1530,3226,61,0,9.0,0,0,0,1,0,0,0,1,0,0,0,0,0
264,9월,18,09월14일,70,3,0,88,216,289,3350,,4236,1776,6012,1315,788,225,5,1425,3753,73,0,9.0,0,0,0,0,0,0,1,1,0,0,0,0,0
265,9월,19,09월15일,106,2,0,0,183,291,2355,,2712,2495,5207,1339,36,260,0,1979,3614,108,0,9.0,0,0,1,0,0,0,0,1,0,0,0,0,0
266,9월,20,09월16일,98,55,0,318,465,620,2649,,3576,2764,6340,1345,333,197,0,1809,3684,155,2,9.0,0,1,0,0,0,0,0,1,0,0,0,0,0
267,9월,21,09월17일,54,0,0,0,106,160,2895,,3566,1786,5352,1321,503,129,0,1541,3494,54,0,9.0,1,0,0,0,0,0,0,1,0,0,0,0,0
268,9월,22,09월18일,551,30,1,0,194,782,18168,,20239,4188,24427,9554,669,4175,4,2672,17070,588,7,9.0,0,0,0,0,0,1,0,1,0,0,0,0,0
269,9월,23,09월19일,70,12,0,0,50,134,3418,,5655,1789,7444,2841,84,493,4,1586,5004,84,2,9.0,0,0,0,0,1,0,0,1,0,0,0,0,0
270,9월,24,09월20일,183,17,0,0,59,260,3868,,5966,1163,7129,3354,88,426,5,999,4867,201,1,9.0,0,0,0,1,0,0,0,1,0,0,0,0,0
271,9월,25,09월21일,17,3,0,0,26,46,1154,,1800,555,2355,943,34,147,0,495,1619,20,0,9.0,0,0,0,0,0,0,1,1,0,0,0,0,0
272,9월,26,09월22일,428,69,0,0,118,638,10020,,14619,2480,17099,8186,453,1335,1,1835,11809,520,23,9.0,0,0,1,0,0,0,0,1,0,0,0,0,0
273,9월,27,09월23일,2253,337,0,0,837,3480,33902,,43815,9304,53119,28281,922,4627,5,6166,39996,2643,53,9.0,0,1,0,0,0,0,0,1,0,0,0,0,0
274,9월,28,09월24일,1604,261,15,0,416,2309,23205,,30513,8350,38863,18722,726,3757,4,6283,29488,1893,28,9.0,1,0,0,0,0,0,0,1,0,0,0,0,0
275,9월,29,09월25일,2387,373,0,0,531,3320,37443,,43972,11451,55423,25102,564,8064,15,8529,42259,2789,29,9.0,0,0,0,0,0,1,0,1,0,0,0,0,0
276,9월,30,09월26일,1495,168,0,30,339,2019,22992,,31757,7222,38979,19636,362,2846,10,4792,27636,1680,17,9.0,0,0,0,0,1,0,0,1,0,0,0,0,0
277,9월,31,09월27일,151,22,10,0,235,408,1781,,3271,1718,4989,1678,37,66,5,1356,3137,173,0,9.0,0,0,0,1,0,0,0,1,0,0,0,0,0
278,9월,32,09월28일,143,62,0,203,447,653,3375,,4101,2780,6881,1839,174,488,1,1896,4397,206,1,9.0,0,0,0,0,0,0,1,1,0,0,0,0,0
279,9월,33,09월29일,166,87,0,152,409,662,2908,,4146,3066,7212,1444,18,603,7,2251,4316,253,0,9.0,0,0,1,0,0,0,0,1,0,0,0,0,0
280,9월,34,09월30일,222,256,0,605,758,1237,5558,,7154,3198,10352,1784,55,2739,5,2127,6705,479,1,9.0,0,1,0,0,0,0,0,1,0,0,0,0,0
282,10월,5,10월01일,223,2,0,30,517,747,6918,,7189,3939,11128,2456,1486,563,3,2571,7076,230,5,10.0,1,0,0,0,0,0,0,1,0,0,0,0,0
283,10월,6,10월02일,321,30,0,32,190,586,18686,,15276,3346,18622,10400,1175,541,0,2669,14785,396,45,10.0,0,0,0,0,0,1,0,1,0,0,0,0,0
284,10월,7,10월03일,654,124,0,53,223,1008,11277,,17056,4253,21309,9426,148,1495,0,2957,14026,785,7,10.0,0,0,0,0,1,0,0,1,0,0,0,0,0
285,10월,8,10월04일,151,8,0,0,142,305,2133,,3440,1429,4869,1426,39,400,1,1162,3027,163,4,10.0,0,0,0,1,0,0,0,1,0,0,0,0,0
286,10월,9,10월05일,307,225,2,376,618,1154,5107,,6221,4519,10740,2191,460,603,4,2795,6049,536,4,10.0,0,0,0,0,0,0,1,1,0,0,0,0,0
287,10월,10,10월06일,279,122,0,343,586,989,7253,,7046,3304,10350,2404,1746,553,26,2332,7035,403,2,10.0,0,0,1,0,0,0,0,1,0,0,0,0,0
288,10월,11,10월07일,386,30,0,452,759,1177,11705,,11135,5609,16744,2891,2920,1143,2,3086,10040,418,2,10.0,0,1,0,0,0,0,0,1,0,0,0,0,0
289,10월,12,10월08일,308,125,9,697,1276,1711,57603,,36909,7963,44872,5807,9001,16384,0,4233,35425,435,2,10.0,1,0,0,0,0,0,0,1,0,0,0,0,0
290,10월,13,10월09일,1833,255,0,0,552,2685,49219,,45541,7979,53520,19548,868,15234,2,5238,40888,2133,45,10.0,0,0,0,0,0,1,0,1,0,0,0,0,0
291,10월,14,10월10일,2389,294,0,34,481,3227,27175,,37570,8679,46249,22872,744,3399,5,5958,32973,2746,63,10.0,0,0,0,0,1,0,0,1,0,0,0,0,0
292,10월,15,10월11일,305,11,0,0,422,739,6231,,8037,2802,10839,3017,1037,357,183,1637,6048,317,1,10.0,0,0,0,1,0,0,0,1,0,0,0,0,0
293,10월,16,10월12일,261,230,0,379,521,1123,7784,,7973,2708,10681,2106,2283,363,0,1874,6626,602,111,10.0,0,0,0,0,0,0,1,1,0,0,0,0,0
294,10월,17,10월13일,367,17,14,70,742,1138,5728,,6405,4089,10494,2125,1246,426,2,2706,6503,396,12,10.0,0,0,1,0,0,0,0,1,0,0,0,0,0
295,10월,18,10월14일,574,313,22,1540,772,2508,24632,,19728,4431,24159,5062,3862,4523,42,2717,16164,1736,849,10.0,0,1,0,0,0,0,0,1,0,0,0,0,0
296,10월,19,10월15일,550,290,4,880,848,1804,16881,,15654,6400,22054,3366,3761,2480,7,3623,13230,956,116,10.0,1,0,0,0,0,0,0,1,0,0,0,0,0
297,10월,20,10월16일,1403,110,0,160,556,2084,21150,,26408,6924,33332,13770,2768,1284,201,4459,22281,1528,15,10.0,0,0,0,0,0,1,0,1,0,0,0,0,0
298,10월,21,10월17일,2980,549,2,686,540,4140,28678,,37963,7902,45865,21505,868,4050,10,4932,31355,3600,71,10.0,0,0,0,0,1,0,0,1,0,0,0,0,0
299,10월,22,10월18일,432,31,0,47,628,1099,3370,,5617,2958,8575,2827,148,170,0,1998,5143,471,8,10.0,0,0,0,1,0,0,0,1,0,0,0,0,0
300,10월,23,10월19일,410,244,0,654,753,1516,7595,,8120,4284,12404,2130,1792,758,0,2370,7050,763,109,10.0,0,0,0,0,0,0,1,1,0,0,0,0,0
301,10월,24,10월20일,458,145,0,200,795,1398,11543,,9385,4201,13586,2548,3721,554,3,2668,9491,603,0,10.0,0,0,1,0,0,0,0,1,0,0,0,0,0
302,10월,25,10월21일,508,23,0,199,777,1309,10666,,10515,4324,14839,3261,2646,821,0,2471,9199,532,1,10.0,0,1,0,0,0,0,0,1,0,0,0,0,0
303,10월,26,10월22일,699,125,0,319,909,1780,25319,,21649,6015,27664,4161,8496,2087,0,3052,17796,871,47,10.0,1,0,0,0,0,0,0,1,0,0,0,0,0
304,10월,27,10월23일,3264,839,0,695,739,4956,56963,,54403,7930,62333,22216,1350,17859,6,4842,46267,4217,114,10.0,0,0,0,0,0,1,0,1,0,0,0,0,0
305,10월,28,10월24일,3178,567,1,82,805,4636,32107,,41091,8284,49375,21984,898,6346,4,5076,34304,3831,86,10.0,0,0,0,0,1,0,0,1,0,0,0,0,0
306,10월,29,10월25일,323,24,0,83,402,754,2902,,3949,1945,5894,1846,480,159,1,1358,3843,352,5,10.0,0,0,0,1,0,0,0,1,0,0,0,0,0
307,10월,30,10월26일,123,75,0,100,311,509,4320,,3932,2028,5960,808,1496,204,1,1449,3957,198,0,10.0,0,0,0,0,0,0,1,1,0,0,0,0,0
308,10월,31,10월27일,118,96,0,148,236,452,7615,,5299,1886,7185,1781,2170,289,0,1375,5615,216,2,10.0,0,0,1,0,0,0,0,1,0,0,0,0,0
309,10월,32,10월28일,166,0,0,132,277,577,9062,,7364,2209,9573,1891,2257,979,0,1625,6752,300,134,10.0,0,1,0,0,0,0,0,1,0,0,0,0,0
310,10월,33,10월29일,270,50,0,196,533,853,17244,,13887,4048,17935,2785,4333,4376,2,2480,13974,320,0,10.0,1,0,0,0,0,0,0,1,0,0,0,0,0
311,10월,34,10월30일,991,57,0,0,670,1725,20466,,24705,6325,31030,14002,2322,1310,9,3731,21365,1055,7,10.0,0,0,0,0,0,1,0,1,0,0,0,0,0
312,10월,35,10월31일,1534,247,0,0,480,2310,32015,,36589,7556,44145,19498,697,7216,21,4751,32162,1830,49,10.0,0,0,0,0,1,0,0,1,0,0,0,0,0
314,11월,5,11월01일,109,2,1,0,344,455,7721,,7861,2409,10270,2909,1376,1983,0,1864,8132,111,0,11.0,0,0,0,1,0,0,0,1,0,0,0,0,0
315,11월,6,11월02일,30,8,0,31,155,193,3575,,3899,1992,5891,1247,86,1041,3,1602,3976,38,0,11.0,0,0,0,0,0,0,1,1,0,0,0,0,0
316,11월,7,11월03일,26,409,0,775,170,965,3275,,3836,1987,5823,1492,554,243,1,1661,3950,795,360,11.0,0,0,1,0,0,0,0,1,0,0,0,0,0
317,11월,8,11월04일,73,1,0,98,243,317,6414,,5699,2663,8362,2358,778,988,6,2144,6268,74,0,11.0,0,1,0,0,0,0,0,1,0,0,0,0,0
318,11월,9,11월05일,71,8,0,35,178,257,4885,,5430,2777,8207,3119,24,487,4,2182,5812,79,0,11.0,1,0,0,0,0,0,0,1,0,0,0,0,0
319,11월,10,11월06일,208,22,0,0,154,385,14427,,17596,4287,21883,10864,1042,944,2,3073,15923,231,1,11.0,0,0,0,0,0,1,0,1,0,0,0,0,0
320,11월,11,11월07일,401,85,0,0,224,723,16365,,21156,6319,27475,12549,499,2547,12,4046,19641,499,13,11.0,0,0,0,0,1,0,0,1,0,0,0,0,0
321,11월,12,11월08일,2,0,0,0,36,38,533,,778,951,1729,487,5,41,0,890,1423,2,0,11.0,0,0,0,1,0,0,0,1,0,0,0,0,0
322,11월,13,11월09일,8,32,0,32,70,110,987,,1240,1040,2280,639,3,170,0,833,1645,40,0,11.0,0,0,0,0,0,0,1,1,0,0,0,0,0
323,11월,14,11월10일,15,31,0,31,43,90,1275,,1322,1467,2789,902,13,92,0,1314,2321,47,1,11.0,0,0,1,0,0,0,0,1,0,0,0,0,0
324,11월,15,11월11일,9,0,0,0,36,45,4557,,2986,1573,4559,1139,25,1489,0,1385,4038,9,0,11.0,0,1,0,0,0,0,0,1,0,0,0,0,0
325,11월,16,11월12일,13,2,0,0,40,55,1746,,2182,1447,3629,1398,12,203,0,1312,2925,15,0,11.0,1,0,0,0,0,0,0,1,0,0,0,0,0
326,11월,17,11월13일,234,37,1,0,123,398,15458,,19063,5152,24215,9549,582,3342,8,3268,16741,275,4,11.0,0,0,0,0,0,1,0,1,0,0,0,0,0
327,11월,18,11월14일,41,7,2,0,48,97,9318,,13201,3337,16538,7611,286,1391,5,2252,11540,49,1,11.0,0,0,0,0,1,0,0,1,0,0,0,0,0
328,11월,19,11월15일,10,0,0,0,13,23,781,,1079,973,2052,719,6,56,7,937,1718,10,0,11.0,0,0,0,1,0,0,0,1,0,0,0,0,0
329,11월,20,11월16일,11,2,0,0,36,49,551,,778,1111,1889,530,3,18,2,1020,1571,13,0,11.0,0,0,0,0,0,0,1,1,0,0,0,0,0
330,11월,21,11월17일,12,0,0,0,13,25,905,,1174,1357,2531,719,83,35,2,1226,2063,12,0,11.0,0,0,1,0,0,0,0,1,0,0,0,0,0
331,11월,22,11월18일,11,1,0,0,24,38,2346,,2502,1543,4045,1303,262,246,0,1471,3282,14,2,11.0,0,1,0,0,0,0,0,1,0,0,0,0,0
332,11월,23,11월19일,4,0,0,0,32,36,1230,,1503,1253,2756,988,24,121,1,1126,2259,4,0,11.0,1,0,0,0,0,0,0,1,0,0,0,0,0
333,11월,24,11월20일,85,12,0,0,35,132,7131,,8849,2389,11238,5290,690,423,3,2114,8517,97,0,11.0,0,0,0,0,0,1,0,1,0,0,0,0,0
334,11월,25,11월21일,332,41,0,0,148,522,12235,,16532,4035,20567,9973,297,1449,13,2508,14227,374,1,11.0,0,0,0,0,1,0,0,1,0,0,0,0,0
335,11월,26,11월22일,7,3,0,0,13,23,693,,1010,976,1986,661,14,18,0,931,1624,10,0,11.0,0,0,0,1,0,0,0,1,0,0,0,0,0
336,11월,27,11월23일,7,0,0,0,42,49,1479,,1368,1161,2529,697,365,27,0,1071,2160,7,0,11.0,0,0,0,0,0,0,1,1,0,0,0,0,0
337,11월,28,11월24일,0,0,0,100,8,108,1053,,1168,1425,2593,603,133,56,0,1247,2039,100,100,11.0,0,0,1,0,0,0,0,1,0,0,0,0,0
338,11월,29,11월25일,5,0,0,0,11,16,1152,,1045,1251,2296,622,27,163,0,1176,1988,5,0,11.0,0,1,0,0,0,0,0,1,0,0,0,0,0
339,11월,30,11월26일,0,0,0,0,7,7,453,,665,991,1656,386,32,35,6,898,1351,0,0,11.0,1,0,0,0,0,0,0,1,0,0,0,0,0
340,11월,31,11월27일,13,2,0,0,12,27,1589,,2100,1023,3123,1150,120,179,5,962,2411,15,0,11.0,0,0,0,0,0,1,0,1,0,0,0,0,0
341,11월,32,11월28일,7,3,0,0,12,22,1908,,2714,1420,4134,1607,96,205,10,1277,3185,10,0,11.0,0,0,0,0,1,0,0,1,0,0,0,0,0
342,11월,33,11월29일,0,0,0,0,24,24,375,,525,946,1471,340,28,7,0,887,1262,0,0,11.0,0,0,0,1,0,0,0,1,0,0,0,0,0
343,11월,34,11월30일,4,0,0,0,26,30,505,,650,1004,1654,438,59,8,0,941,1446,4,0,11.0,0,0,0,0,0,0,1,1,0,0,0,0,0
345,12월,5,12월01일,4,1,1,0,26,31,532,,676,1227,1903,461,57,14,0,1156,1688,5,0,12.0,0,0,1,0,0,0,0,0,0,0,1,0,0
346,12월,6,12월02일,2,1,0,0,14,17,528,,644,1088,1732,404,70,9,0,1031,1514,3,0,12.0,0,1,0,0,0,0,0,0,0,0,1,0,0
347,12월,7,12월03일,0,0,0,0,21,21,462,,404,739,1143,290,29,20,6,707,1046,0,0,12.0,1,0,0,0,0,0,0,0,0,0,1,0,0
348,12월,8,12월04일,11,4,0,0,18,33,1988,,2480,1780,4260,1606,137,87,2,1522,3352,15,0,12.0,0,0,0,0,0,1,0,0,0,0,1,0,0
349,12월,9,12월05일,16,3,0,0,19,38,3962,,5539,2281,7820,3342,131,457,4,1924,5854,19,0,12.0,0,0,0,0,1,0,0,0,0,0,1,0,0
350,12월,10,12월06일,3,0,0,0,5,8,371,,478,990,1468,332,27,12,1,968,1339,3,0,12.0,0,0,0,1,0,0,0,0,0,0,1,0,0
351,12월,11,12월07일,1,0,0,0,15,16,302,,313,718,1031,188,79,5,0,701,973,1,0,12.0,0,0,0,0,0,0,1,0,0,0,1,0,0
352,12월,12,12월08일,0,0,0,0,10,10,79,,91,672,763,70,5,4,0,654,733,0,0,12.0,0,0,1,0,0,0,0,0,0,0,1,0,0
353,12월,13,12월09일,3,0,0,0,7,10,668,,499,712,1211,335,37,77,0,686,1135,3,0,12.0,0,1,0,0,0,0,0,0,0,0,1,0,0
354,12월,14,12월10일,1,0,0,0,7,8,245,,354,657,1011,175,36,34,1,635,880,1,0,12.0,1,0,0,0,0,0,0,0,0,0,1,0,0
355,12월,15,12월11일,3,0,0,0,3,6,1194,,1812,1151,2963,910,89,195,0,1050,2244,3,0,12.0,0,0,0,0,0,1,0,0,0,0,1,0,0
356,12월,16,12월12일,2,0,0,0,12,14,1394,,1943,1160,3103,1155,93,146,2,1095,2489,2,0,12.0,0,0,0,0,1,0,0,0,0,0,1,0,0
357,12월,17,12월13일,0,0,0,0,8,8,222,,261,738,999,190,25,7,0,722,944,0,0,12.0,0,0,0,1,0,0,0,0,0,0,1,0,0
358,12월,18,12월14일,0,33,0,33,11,44,744,,590,880,1470,200,183,114,5,855,1352,33,0,12.0,0,0,0,0,0,0,1,0,0,0,1,0,0
359,12월,19,12월15일,0,0,0,0,2,2,102,,115,462,577,78,20,4,0,454,556,0,0,12.0,0,0,1,0,0,0,0,0,0,0,1,0,0
360,12월,20,12월16일,1,0,0,0,1,2,1058,,615,584,1199,211,224,153,0,580,1168,1,0,12.0,0,1,0,0,0,0,0,0,0,0,1,0,0
361,12월,21,12월17일,0,0,0,0,2,2,378,,412,657,1069,238,58,45,0,647,988,0,0,12.0,1,0,0,0,0,0,0,0,0,0,1,0,0
362,12월,22,12월18일,7,3,0,0,13,23,1626,,2047,1535,3582,1410,86,100,3,1416,3012,10,0,12.0,0,0,0,0,0,1,0,0,0,0,1,0,0
363,12월,23,12월19일,12,4,0,0,13,29,3520,,4710,2105,6815,2876,180,464,1,1843,5363,16,0,12.0,0,0,0,0,1,0,0,0,0,0,1,0,0
364,12월,24,12월20일,2,0,0,0,14,16,765,,963,1070,2033,694,29,42,0,1002,1767,2,0,12.0,0,0,0,1,0,0,0,0,0,0,1,0,0
365,12월,25,12월21일,12,0,0,0,30,42,1391,,1395,1195,2590,771,297,66,0,1118,2252,12,0,12.0,0,0,0,0,0,0,1,0,0,0,1,0,0
366,12월,26,12월22일,2,0,0,0,23,25,1443,,1545,1094,2639,612,447,21,0,1040,2120,2,0,12.0,0,0,1,0,0,0,0,0,0,0,1,0,0
367,12월,27,12월23일,0,0,0,0,0,0,1540,,1403,911,2314,482,413,94,5,877,1866,0,0,12.0,0,1,0,0,0,0,0,0,0,0,1,0,0
368,12월,28,12월24일,2,0,0,0,1,3,228,,303,374,677,182,30,16,6,372,600,2,0,12.0,1,0,0,0,0,0,0,0,0,0,1,0,0
369,12월,29,12월25일,0,0,0,0,1,1,1200,,1738,377,2115,785,328,87,2,357,1557,0,0,12.0,0,0,0,0,0,1,0,0,0,0,1,0,0
370,12월,30,12월26일,0,0,0,0,1,1,811,,1104,862,1966,652,73,86,0,817,1628,0,0,12.0,0,0,0,0,1,0,0,0,0,0,1,0,0
371,12월,31,12월27일,1,0,0,0,0,1,660,,556,740,1296,181,229,51,0,714,1175,1,0,12.0,0,0,0,1,0,0,0,0,0,0,1,0,0
372,12월,32,12월28일,2,0,0,0,13,15,296,,350,678,1028,225,24,47,0,653,949,2,0,12.0,0,0,0,0,0,0,1,0,0,0,1,0,0
373,12월,33,12월29일,23,20,0,40,8,51,564,,664,770,1434,336,34,47,2,724,1141,43,0,12.0,0,0,1,0,0,0,0,0,0,0,1,0,0
374,12월,34,12월30일,1,1,0,0,2,4,524,,556,580,1136,280,28,137,0,563,1008,2,0,12.0,0,1,0,0,0,0,0,0,0,0,1,0,0
375,12월,35,12월31일,0,0,0,0,4,5,577,,588,391,979,342,78,57,3,369,846,1,1,12.0,1,0,0,0,0,0,0,0,0,0,1,0,0
